,acc,batch_size,epoch,loss,lr,trial_num,wxh-stride
0,0.10477941176470588,32.0,10.0,3.0584915105034325,0.0001,0.0,15x15-10
1,0.045112781954887216,32.0,10.0,3.5322096207562614,0.0001,0.0,20x20-10
2,0.08349514563106795,32.0,10.0,3.52188235170701,0.0001,0.0,25x25-10
3,0.06493506493506493,32.0,10.0,3.5942996109233185,0.0001,0.0,5x60-10
4,0.11213235294117647,32.0,15.0,3.408356217777028,0.0001,0.0,15x15-10
5,0.05263157894736842,32.0,15.0,3.4982706658980427,0.0001,0.0,20x20-10
6,0.0854368932038835,32.0,15.0,3.501484744689044,0.0001,0.0,25x25-10
7,0.07050092764378478,32.0,15.0,3.50903985079597,0.0001,0.0,5x60-10
8,0.1801470588235294,32.0,20.0,3.3616715459262623,0.0001,0.0,15x15-10
9,0.05263157894736842,32.0,20.0,3.479991492103128,0.0001,0.0,20x20-10
10,0.08932038834951456,32.0,20.0,3.389921370674582,0.0001,0.0,25x25-10
11,0.07050092764378478,32.0,20.0,3.5052779422086826,0.0001,0.0,5x60-10
12,0.08823529411764706,64.0,10.0,3.896043300628662,0.0001,0.0,15x15-10
13,0.03571428571428571,64.0,10.0,3.9107062816619873,0.0001,0.0,20x20-10
14,0.0854368932038835,64.0,10.0,3.920457813474867,0.0001,0.0,25x25-10
15,0.055658627087198514,64.0,10.0,3.997461292478773,0.0001,0.0,5x60-10
16,0.06801470588235294,64.0,15.0,3.63978287908766,0.0001,0.0,15x15-10
17,0.043233082706766915,64.0,15.0,3.666891786787245,0.0001,0.0,20x20-10
18,0.08349514563106795,64.0,15.0,3.737148496839735,0.0001,0.0,25x25-10
19,0.06307977736549165,64.0,15.0,3.801421430375841,0.0001,0.0,5x60-10
20,0.06066176470588235,64.0,20.0,3.481883075502184,0.0001,0.0,15x15-10
21,0.045112781954887216,64.0,20.0,3.512498617172241,0.0001,0.0,20x20-10
22,0.08349514563106795,64.0,20.0,3.4294999175601535,0.0001,0.0,25x25-10
23,0.06679035250463822,64.0,20.0,3.59757924079895,0.0001,0.0,5x60-10
24,0.11764705882352941,128.0,10.0,4.048541164398193,0.0001,0.0,15x15-10
25,0.05263157894736842,128.0,10.0,4.055056953430176,0.0001,0.0,20x20-10
26,0.10485436893203884,128.0,10.0,4.052803802490234,0.0001,0.0,25x25-10
27,0.07050092764378478,128.0,10.0,4.08527889251709,0.0001,0.0,5x60-10
28,0.0900735294117647,128.0,15.0,3.980270338058472,0.0001,0.0,15x15-10
29,0.03759398496240601,128.0,15.0,3.990581226348877,0.0001,0.0,20x20-10
30,0.0912621359223301,128.0,15.0,4.028582286834717,0.0001,0.0,25x25-10
31,0.0575139146567718,128.0,15.0,4.03896484375,0.0001,0.0,5x60-10
32,0.08823529411764706,128.0,20.0,3.8995783805847166,0.0001,0.0,15x15-10
33,0.03571428571428571,128.0,20.0,3.8996174335479736,0.0001,0.0,20x20-10
34,0.0854368932038835,128.0,20.0,3.8525140285491943,0.0001,0.0,25x25-10
35,0.055658627087198514,128.0,20.0,3.997289228439331,0.0001,0.0,5x60-10
36,0.3235294117647059,32.0,10.0,2.246671340044807,0.001,0.0,15x15-10
37,0.13157894736842105,32.0,10.0,2.8993557060466095,0.001,0.0,20x20-10
38,0.26019417475728157,32.0,10.0,2.7040758693919464,0.001,0.0,25x25-10
39,0.13358070500927643,32.0,10.0,3.132801701040829,0.001,0.0,5x60-10
40,0.32169117647058826,32.0,15.0,2.019286127651439,0.001,0.0,15x15-10
41,0.14473684210526316,32.0,15.0,2.6624193051282097,0.001,0.0,20x20-10
42,0.31844660194174756,32.0,15.0,2.3433691824183747,0.001,0.0,25x25-10
43,0.13172541743970315,32.0,15.0,3.008408181807574,0.001,0.0,5x60-10
44,0.3235294117647059,32.0,20.0,1.934240691802081,0.001,0.0,15x15-10
45,0.15413533834586465,32.0,20.0,2.4940710628733918,0.001,0.0,20x20-10
46,0.32038834951456313,32.0,20.0,2.0470929917167213,0.001,0.0,25x25-10
47,0.13543599257884972,32.0,20.0,2.957664097056669,0.001,0.0,5x60-10
48,0.25735294117647056,64.0,10.0,2.9064948558807373,0.001,0.0,15x15-10
49,0.11842105263157894,64.0,10.0,3.3080113993750677,0.001,0.0,20x20-10
50,0.20970873786407768,64.0,10.0,3.26653700404697,0.001,0.0,25x25-10
51,0.08163265306122448,64.0,10.0,3.4645842711130777,0.001,0.0,5x60-10
52,0.3161764705882353,64.0,15.0,2.4926460054185657,0.001,0.0,15x15-10
53,0.11278195488721804,64.0,15.0,3.059481488333808,0.001,0.0,20x20-10
54,0.22135922330097088,64.0,15.0,3.021679057015313,0.001,0.0,25x25-10
55,0.11688311688311688,64.0,15.0,3.3169389300876193,0.001,0.0,5x60-10
56,0.3235294117647059,64.0,20.0,2.2357267406251697,0.001,0.0,15x15-10
57,0.12969924812030076,64.0,20.0,2.874130540423923,0.001,0.0,20x20-10
58,0.258252427184466,64.0,20.0,2.625514957639906,0.001,0.0,25x25-10
59,0.1280148423005566,64.0,20.0,3.124561866124471,0.001,0.0,5x60-10
60,0.20036764705882354,128.0,10.0,3.351234722137451,0.001,0.0,15x15-10
61,0.06766917293233082,128.0,10.0,3.4493836402893066,0.001,0.0,20x20-10
62,0.0854368932038835,128.0,10.0,3.4531068801879883,0.001,0.0,25x25-10
63,0.0686456400742115,128.0,10.0,3.5050732135772704,0.001,0.0,5x60-10
64,0.24448529411764705,128.0,15.0,3.142083501815796,0.001,0.0,15x15-10
65,0.10150375939849623,128.0,15.0,3.390631628036499,0.001,0.0,20x20-10
66,0.13398058252427184,128.0,15.0,3.522708606719971,0.001,0.0,25x25-10
67,0.07050092764378478,128.0,15.0,3.4400444507598875,0.001,0.0,5x60-10
68,0.25183823529411764,128.0,20.0,2.938788652420044,0.001,0.0,15x15-10
69,0.11278195488721804,128.0,20.0,3.2744871616363525,0.001,0.0,20x20-10
70,0.22718446601941747,128.0,20.0,3.071972894668579,0.001,0.0,25x25-10
71,0.07606679035250463,128.0,20.0,3.44687762260437,0.001,0.0,5x60-10
72,0.35110294117647056,32.0,10.0,1.8251281696207382,0.01,0.0,15x15-10
73,0.3815789473684211,32.0,10.0,1.5553220790975235,0.01,0.0,20x20-10
74,0.3106796116504854,32.0,10.0,1.824532389640808,0.01,0.0,25x25-10
75,0.2894248608534323,32.0,10.0,1.7847120130763334,0.01,0.0,5x60-10
76,0.3400735294117647,32.0,15.0,1.8186943811528824,0.01,0.0,15x15-10
77,0.3007518796992481,32.0,15.0,2.0417611458722282,0.01,0.0,20x20-10
78,0.3145631067961165,32.0,15.0,1.9060892077053295,0.01,0.0,25x25-10
79,0.39332096474953615,32.0,15.0,1.2432482032214893,0.01,0.0,5x60-10
80,0.43566176470588236,32.0,20.0,1.0563861166729647,0.01,0.0,15x15-10
81,0.35150375939849626,32.0,20.0,1.6597826410742367,0.01,0.0,20x20-10
82,0.3106796116504854,32.0,20.0,1.7906392882851994,0.01,0.0,25x25-10
83,0.4267161410018553,32.0,20.0,1.0462063971687765,0.01,0.0,5x60-10
84,0.3290441176470588,64.0,10.0,1.847432639863756,0.01,0.0,15x15-10
85,0.21804511278195488,64.0,10.0,2.315649244520399,0.01,0.0,20x20-10
86,0.2912621359223301,64.0,10.0,1.8632479243808322,0.01,0.0,25x25-10
87,0.19666048237476808,64.0,10.0,2.2347748014662,0.01,0.0,5x60-10
88,0.3327205882352941,64.0,15.0,1.8308422168095906,0.01,0.0,15x15-10
89,0.28383458646616544,64.0,15.0,2.25105086962382,0.01,0.0,20x20-10
90,0.30097087378640774,64.0,15.0,1.974842733807034,0.01,0.0,25x25-10
91,0.2764378478664193,64.0,15.0,1.9003151257832844,0.01,0.0,5x60-10
92,0.3235294117647059,64.0,20.0,1.8363223605685763,0.01,0.0,15x15-10
93,0.3082706766917293,64.0,20.0,2.132606850730048,0.01,0.0,20x20-10
94,0.2970873786407767,64.0,20.0,1.7778282827801175,0.01,0.0,25x25-10
95,0.31910946196660483,64.0,20.0,1.7353428204854329,0.01,0.0,5x60-10
96,0.3235294117647059,128.0,10.0,1.9255897045135497,0.01,0.0,15x15-10
97,0.16917293233082706,128.0,10.0,2.4221941471099853,0.01,0.0,20x20-10
98,0.312621359223301,128.0,10.0,2.099321961402893,0.01,0.0,25x25-10
99,0.15213358070500926,128.0,10.0,2.959877681732178,0.01,0.0,5x60-10
100,0.32536764705882354,128.0,15.0,1.861015796661377,0.01,0.0,15x15-10
101,0.19924812030075187,128.0,15.0,2.3128987312316895,0.01,0.0,20x20-10
102,0.312621359223301,128.0,15.0,2.163009858131409,0.01,0.0,25x25-10
103,0.15769944341372913,128.0,15.0,2.385534381866455,0.01,0.0,5x60-10
104,0.32536764705882354,128.0,20.0,1.8758584260940552,0.01,0.0,15x15-10
105,0.2274436090225564,128.0,20.0,2.261957812309265,0.01,0.0,20x20-10
106,0.31650485436893205,128.0,20.0,1.8632683515548707,0.01,0.0,25x25-10
107,0.1725417439703154,128.0,20.0,2.1933696031570435,0.01,0.0,5x60-10
108,0.12316176470588236,32.0,10.0,3.029222095713896,0.0001,1.0,15x15-10
109,0.07330827067669173,32.0,10.0,2.981382159625783,0.0001,1.0,20x20-10
110,0.12427184466019417,32.0,10.0,2.9601578011232266,0.0001,1.0,25x25-10
111,0.06307977736549165,32.0,10.0,3.0018377865062043,0.0001,1.0,5x60-10
112,0.12316176470588236,32.0,15.0,2.896586712668924,0.0001,1.0,15x15-10
113,0.09210526315789473,32.0,15.0,2.888650936238906,0.0001,1.0,20x20-10
114,0.15728155339805824,32.0,15.0,2.8585586968590233,0.0001,1.0,25x25-10
115,0.07421150278293136,32.0,15.0,2.9152964002945843,0.0001,1.0,5x60-10
116,0.21691176470588236,32.0,20.0,2.82181435472825,0.0001,1.0,15x15-10
117,0.09774436090225563,32.0,20.0,2.839330420774572,0.0001,1.0,20x20-10
118,0.1825242718446602,32.0,20.0,2.7973278410294475,0.0001,1.0,25x25-10
119,0.07792207792207792,32.0,20.0,2.8800587794359993,0.0001,1.0,5x60-10
120,0.08088235294117647,64.0,10.0,3.711040284898546,0.0001,1.0,15x15-10
121,0.07142857142857142,64.0,10.0,3.546061568790012,0.0001,1.0,20x20-10
122,0.07184466019417475,64.0,10.0,3.5965212451087103,0.0001,1.0,25x25-10
123,0.06679035250463822,64.0,10.0,3.6506546338399253,0.0001,1.0,5x60-10
124,0.11948529411764706,64.0,15.0,3.2273610168033176,0.0001,1.0,15x15-10
125,0.07330827067669173,64.0,15.0,3.103967825571696,0.0001,1.0,20x20-10
126,0.13009708737864079,64.0,15.0,3.1179759767320423,0.0001,1.0,25x25-10
127,0.06493506493506493,64.0,15.0,3.1592695713043213,0.0001,1.0,5x60-10
128,0.1213235294117647,64.0,20.0,3.029241058561537,0.0001,1.0,15x15-10
129,0.07894736842105263,64.0,20.0,2.9787221219804554,0.0001,1.0,20x20-10
130,0.12427184466019417,64.0,20.0,2.9813435077667236,0.0001,1.0,25x25-10
131,0.06307977736549165,64.0,20.0,3.004242181777954,0.0001,1.0,5x60-10
132,0.08823529411764706,128.0,10.0,4.056566524505615,0.0001,1.0,15x15-10
133,0.07706766917293233,128.0,10.0,4.011704063415527,0.0001,1.0,20x20-10
134,0.04271844660194175,128.0,10.0,4.0326722145080565,0.0001,1.0,25x25-10
135,0.0686456400742115,128.0,10.0,4.050458717346191,0.0001,1.0,5x60-10
136,0.13051470588235295,128.0,15.0,3.9251113414764403,0.0001,1.0,15x15-10
137,0.10338345864661654,128.0,15.0,3.807971143722534,0.0001,1.0,20x20-10
138,0.04660194174757282,128.0,15.0,3.852671432495117,0.0001,1.0,25x25-10
139,0.12059369202226346,128.0,15.0,3.8892164707183836,0.0001,1.0,5x60-10
140,0.08455882352941177,128.0,20.0,3.70835485458374,0.0001,1.0,15x15-10
141,0.07142857142857142,128.0,20.0,3.5360501766204835,0.0001,1.0,20x20-10
142,0.09320388349514563,128.0,20.0,3.5956024646759035,0.0001,1.0,25x25-10
143,0.06679035250463822,128.0,20.0,3.6486384868621826,0.0001,1.0,5x60-10
144,0.4338235294117647,32.0,10.0,1.194046322037192,0.001,1.0,15x15-10
145,0.2161654135338346,32.0,10.0,1.8785852404201733,0.001,1.0,20x20-10
146,0.4058252427184466,32.0,10.0,1.4172352412167717,0.001,1.0,25x25-10
147,0.14471243042671614,32.0,10.0,2.3096205346724568,0.001,1.0,5x60-10
148,0.4797794117647059,32.0,15.0,0.9090322711888481,0.001,1.0,15x15-10
149,0.24812030075187969,32.0,15.0,1.5800440030939438,0.001,1.0,20x20-10
150,0.47378640776699027,32.0,15.0,1.0356310570941252,0.001,1.0,25x25-10
151,0.15955473098330242,32.0,15.0,2.20035000408397,0.001,1.0,5x60-10
152,0.4797794117647059,32.0,20.0,0.8174853920936584,0.001,1.0,15x15-10
153,0.26879699248120303,32.0,20.0,1.4859333388945635,0.001,1.0,20x20-10
154,0.5300970873786408,32.0,20.0,0.874065381639144,0.001,1.0,25x25-10
155,0.16697588126159554,32.0,20.0,2.0590272370506737,0.001,1.0,5x60-10
156,0.27389705882352944,64.0,10.0,2.280278444290161,0.001,1.0,15x15-10
157,0.15225563909774437,64.0,10.0,2.4631515079074435,0.001,1.0,20x20-10
158,0.2407766990291262,64.0,10.0,2.2572687996758356,0.001,1.0,25x25-10
159,0.09833024118738404,64.0,10.0,2.638674841986762,0.001,1.0,5x60-10
160,0.41360294117647056,64.0,15.0,1.423432469367981,0.001,1.0,15x15-10
161,0.18233082706766918,64.0,15.0,2.088670465681288,0.001,1.0,20x20-10
162,0.3533980582524272,64.0,15.0,1.7404911783006456,0.001,1.0,25x25-10
163,0.1614100185528757,64.0,15.0,2.3935053083631725,0.001,1.0,5x60-10
164,0.43566176470588236,64.0,20.0,1.0852167871263292,0.001,1.0,15x15-10
165,0.21428571428571427,64.0,20.0,1.8590658903121948,0.001,1.0,20x20-10
166,0.41941747572815535,64.0,20.0,1.3582514060868158,0.001,1.0,25x25-10
167,0.13543599257884972,64.0,20.0,2.293623367945353,0.001,1.0,5x60-10
168,0.13970588235294118,128.0,10.0,2.8239896297454834,0.001,1.0,15x15-10
169,0.09586466165413533,128.0,10.0,2.818874645233154,0.001,1.0,20x20-10
170,0.16310679611650486,128.0,10.0,2.7104964733123778,0.001,1.0,25x25-10
171,0.11873840445269017,128.0,10.0,2.880726671218872,0.001,1.0,5x60-10
172,0.23345588235294118,128.0,15.0,2.6245869636535644,0.001,1.0,15x15-10
173,0.13345864661654136,128.0,15.0,2.666315221786499,0.001,1.0,20x20-10
174,0.24854368932038834,128.0,15.0,2.516972541809082,0.001,1.0,25x25-10
175,0.14100185528756956,128.0,15.0,2.7903504848480223,0.001,1.0,5x60-10
176,0.3327205882352941,128.0,20.0,2.2501967430114744,0.001,1.0,15x15-10
177,0.16541353383458646,128.0,20.0,2.4598459720611574,0.001,1.0,20x20-10
178,0.2446601941747573,128.0,20.0,2.192970037460327,0.001,1.0,25x25-10
179,0.11873840445269017,128.0,20.0,2.652800130844116,0.001,1.0,5x60-10
180,0.4724264705882353,32.0,10.0,0.7313453029183781,0.01,1.0,15x15-10
181,0.5,32.0,10.0,1.0516277236097,0.01,1.0,20x20-10
182,0.5087378640776699,32.0,10.0,0.7363674465347739,0.01,1.0,25x25-10
183,0.37105751391465674,32.0,10.0,1.3683574830784517,0.01,1.0,5x60-10
184,0.4724264705882353,32.0,15.0,0.7239140342263615,0.01,1.0,15x15-10
185,0.4718045112781955,32.0,15.0,0.9356312471277574,0.01,1.0,20x20-10
186,0.4640776699029126,32.0,15.0,0.7261756202753853,0.01,1.0,25x25-10
187,0.44155844155844154,32.0,15.0,1.1002696612301994,0.01,1.0,5x60-10
188,0.4742647058823529,32.0,20.0,0.71665779282065,0.01,1.0,15x15-10
189,0.4680451127819549,32.0,20.0,0.9177745089811438,0.01,1.0,20x20-10
190,0.48349514563106794,32.0,20.0,0.7272657226113712,0.01,1.0,25x25-10
191,0.47309833024118736,32.0,20.0,1.0011934147161596,0.01,1.0,5x60-10
192,0.49264705882352944,64.0,10.0,0.746468530760871,0.01,1.0,15x15-10
193,0.4041353383458647,64.0,10.0,1.3503242863549128,0.01,1.0,20x20-10
194,0.512621359223301,64.0,10.0,0.7602930863698324,0.01,1.0,25x25-10
195,0.26159554730983303,64.0,10.0,1.801254974471198,0.01,1.0,5x60-10
196,0.4889705882352941,64.0,15.0,0.7372025118933784,0.01,1.0,15x15-10
197,0.45864661654135336,64.0,15.0,1.191360976960924,0.01,1.0,20x20-10
198,0.4970873786407767,64.0,15.0,0.7409259147114224,0.01,1.0,25x25-10
199,0.33766233766233766,64.0,15.0,1.3712893459531996,0.01,1.0,5x60-10
200,0.49264705882352944,64.0,20.0,0.7312574982643127,0.01,1.0,15x15-10
201,0.48120300751879697,64.0,20.0,1.0387046072218153,0.01,1.0,20x20-10
202,0.4796116504854369,64.0,20.0,0.7283418840832181,0.01,1.0,25x25-10
203,0.38961038961038963,64.0,20.0,1.2226545678244696,0.01,1.0,5x60-10
204,0.47794117647058826,128.0,10.0,0.8065125584602356,0.01,1.0,15x15-10
205,0.2800751879699248,128.0,10.0,1.4559652090072632,0.01,1.0,20x20-10
206,0.5203883495145631,128.0,10.0,0.8461676001548767,0.01,1.0,25x25-10
207,0.15769944341372913,128.0,10.0,2.0831782817840576,0.01,1.0,5x60-10
208,0.4852941176470588,128.0,15.0,0.7625556349754333,0.01,1.0,15x15-10
209,0.34210526315789475,128.0,15.0,1.3986406803131104,0.01,1.0,20x20-10
210,0.5262135922330097,128.0,15.0,0.7722115159034729,0.01,1.0,25x25-10
211,0.24118738404452691,128.0,15.0,1.8012098789215087,0.01,1.0,5x60-10
212,0.4944852941176471,128.0,20.0,0.7569177389144898,0.01,1.0,15x15-10
213,0.40037593984962405,128.0,20.0,1.3568531036376954,0.01,1.0,20x20-10
214,0.5242718446601942,128.0,20.0,0.749774432182312,0.01,1.0,25x25-10
215,0.2504638218923933,128.0,20.0,1.716707992553711,0.01,1.0,5x60-10
216,0.10661764705882353,32.0,10.0,3.70741904483122,0.0001,2.0,15x15-10
217,0.07330827067669173,32.0,10.0,3.6696097710553337,0.0001,2.0,20x20-10
218,0.08737864077669903,32.0,10.0,3.7313723844640396,0.0001,2.0,25x25-10
219,0.03896103896103896,32.0,10.0,4.029889246996711,0.0001,2.0,5x60-10
220,0.10294117647058823,32.0,15.0,3.5667223229127774,0.0001,2.0,15x15-10
221,0.08270676691729323,32.0,15.0,3.4902024970335117,0.0001,2.0,20x20-10
222,0.08349514563106795,32.0,15.0,3.4881894728716683,0.0001,2.0,25x25-10
223,0.04452690166975881,32.0,15.0,3.9314507175894344,0.0001,2.0,5x60-10
224,0.11213235294117647,32.0,20.0,3.5377227418562947,0.0001,2.0,15x15-10
225,0.08458646616541353,32.0,20.0,3.4698629239026237,0.0001,2.0,20x20-10
226,0.12233009708737864,32.0,20.0,3.5451824945562027,0.0001,2.0,25x25-10
227,0.06307977736549165,32.0,20.0,3.87308211887584,0.0001,2.0,5x60-10
228,0.19301470588235295,64.0,10.0,4.018343369166057,0.0001,2.0,15x15-10
229,0.12218045112781954,64.0,10.0,4.001361767450969,0.0001,2.0,20x20-10
230,0.13009708737864079,64.0,10.0,4.030752685334948,0.0001,2.0,25x25-10
231,0.04267161410018553,64.0,10.0,4.102700657314724,0.0001,2.0,5x60-10
232,0.11397058823529412,64.0,15.0,3.8978161811828613,0.0001,2.0,15x15-10
233,0.06578947368421052,64.0,15.0,3.855136924319797,0.0001,2.0,20x20-10
234,0.21941747572815534,64.0,15.0,3.867050117916531,0.0001,2.0,25x25-10
235,0.04452690166975881,64.0,15.0,4.066705438825819,0.0001,2.0,5x60-10
236,0.10661764705882353,64.0,20.0,3.7085250748528376,0.0001,2.0,15x15-10
237,0.07330827067669173,64.0,20.0,3.6648243268330893,0.0001,2.0,20x20-10
238,0.08737864077669903,64.0,20.0,3.7518770694732666,0.0001,2.0,25x25-10
239,0.03710575139146568,64.0,20.0,4.028276867336697,0.0001,2.0,5x60-10
240,0.0974264705882353,128.0,10.0,4.096907711029052,0.0001,2.0,15x15-10
241,0.08646616541353383,128.0,10.0,4.087255191802979,0.0001,2.0,20x20-10
242,0.12815533980582525,128.0,10.0,4.108603000640869,0.0001,2.0,25x25-10
243,0.03710575139146568,128.0,10.0,4.1328178405761715,0.0001,2.0,5x60-10
244,0.10477941176470588,128.0,15.0,4.064716625213623,0.0001,2.0,15x15-10
245,0.10338345864661654,128.0,15.0,4.043545532226562,0.0001,2.0,20x20-10
246,0.1262135922330097,128.0,15.0,4.042089891433716,0.0001,2.0,25x25-10
247,0.04081632653061224,128.0,15.0,4.113587856292725,0.0001,2.0,5x60-10
248,0.1948529411764706,128.0,20.0,4.019087886810302,0.0001,2.0,15x15-10
249,0.12406015037593984,128.0,20.0,4.00620470046997,0.0001,2.0,20x20-10
250,0.13009708737864079,128.0,20.0,4.038351726531983,0.0001,2.0,25x25-10
251,0.04267161410018553,128.0,20.0,4.099368286132813,0.0001,2.0,5x60-10
252,0.2849264705882353,32.0,10.0,2.528846726698034,0.001,2.0,15x15-10
253,0.17481203007518797,32.0,10.0,2.7615471447215363,0.001,2.0,20x20-10
254,0.312621359223301,32.0,10.0,2.547115957035738,0.001,2.0,25x25-10
255,0.04081632653061224,32.0,10.0,3.529863862430348,0.001,2.0,5x60-10
256,0.29411764705882354,32.0,15.0,2.224465019562665,0.001,2.0,15x15-10
257,0.18796992481203006,32.0,15.0,2.5279581126044777,0.001,2.0,20x20-10
258,0.3572815533980582,32.0,15.0,2.1460483635173127,0.001,2.0,25x25-10
259,0.11688311688311688,32.0,15.0,3.040102986728444,0.001,2.0,5x60-10
260,0.2977941176470588,32.0,20.0,2.0641000901951507,0.001,2.0,15x15-10
261,0.21052631578947367,32.0,20.0,2.393041624742396,0.001,2.0,20x20-10
262,0.36699029126213595,32.0,20.0,2.1702382143806007,0.001,2.0,25x25-10
263,0.13172541743970315,32.0,20.0,2.921921491622925,0.001,2.0,5x60-10
264,0.2536764705882353,64.0,10.0,3.180837207370334,0.001,2.0,15x15-10
265,0.15977443609022557,64.0,10.0,3.1492380830976696,0.001,2.0,20x20-10
266,0.2504854368932039,64.0,10.0,3.1973896291520862,0.001,2.0,25x25-10
267,0.04452690166975881,64.0,10.0,3.6846821308135986,0.001,2.0,5x60-10
268,0.27389705882352944,64.0,15.0,2.785847716861301,0.001,2.0,15x15-10
269,0.16353383458646617,64.0,15.0,2.8595363563961453,0.001,2.0,20x20-10
270,0.2737864077669903,64.0,15.0,2.579949458440145,0.001,2.0,25x25-10
271,0.03710575139146568,64.0,15.0,3.5435756577385797,0.001,2.0,5x60-10
272,0.28860294117647056,64.0,20.0,2.5123214191860623,0.001,2.0,15x15-10
273,0.17293233082706766,64.0,20.0,2.7713765038384333,0.001,2.0,20x20-10
274,0.32427184466019415,64.0,20.0,2.6819276809692383,0.001,2.0,25x25-10
275,0.04081632653061224,64.0,20.0,3.5245471795399985,0.001,2.0,5x60-10
276,0.14338235294117646,128.0,10.0,3.5204461097717283,0.001,2.0,15x15-10
277,0.08646616541353383,128.0,10.0,3.433192253112793,0.001,2.0,20x20-10
278,0.1378640776699029,128.0,10.0,3.608523988723755,0.001,2.0,25x25-10
279,0.05194805194805195,128.0,10.0,3.89622220993042,0.001,2.0,5x60-10
280,0.22794117647058823,128.0,15.0,3.460157060623169,0.001,2.0,15x15-10
281,0.13345864661654136,128.0,15.0,3.2701159954071044,0.001,2.0,20x20-10
282,0.2446601941747573,128.0,15.0,3.0752711296081543,0.001,2.0,25x25-10
283,0.04638218923933209,128.0,15.0,3.7553398609161377,0.001,2.0,5x60-10
284,0.24632352941176472,128.0,20.0,3.188564586639404,0.001,2.0,15x15-10
285,0.15225563909774437,128.0,20.0,3.191385841369629,0.001,2.0,20x20-10
286,0.2524271844660194,128.0,20.0,3.320447587966919,0.001,2.0,25x25-10
287,0.04452690166975881,128.0,20.0,3.665326642990112,0.001,2.0,5x60-10
288,0.31433823529411764,32.0,10.0,1.8946566511602962,0.01,2.0,15x15-10
289,0.4266917293233083,32.0,10.0,1.2969336649950813,0.01,2.0,20x20-10
290,0.39805825242718446,32.0,10.0,1.6072664401110481,0.01,2.0,25x25-10
291,0.3654916512059369,32.0,10.0,1.3704739248051363,0.01,2.0,5x60-10
292,0.31433823529411764,32.0,15.0,1.8872726314208086,0.01,2.0,15x15-10
293,0.3383458646616541,32.0,15.0,1.9485728179707247,0.01,2.0,20x20-10
294,0.3825242718446602,32.0,15.0,1.485055050429176,0.01,2.0,25x25-10
295,0.4044526901669759,32.0,15.0,1.3866047999438118,0.01,2.0,5x60-10
296,0.31985294117647056,32.0,20.0,1.885803033323849,0.01,2.0,15x15-10
297,0.4699248120300752,32.0,20.0,0.9242641540134654,0.01,2.0,20x20-10
298,0.38058252427184464,32.0,20.0,1.6186401353162878,0.01,2.0,25x25-10
299,0.4322820037105751,32.0,20.0,1.2144557272686678,0.01,2.0,5x60-10
300,0.29044117647058826,64.0,10.0,1.9140394396252103,0.01,2.0,15x15-10
301,0.2575187969924812,64.0,10.0,2.1841397947735257,0.01,2.0,20x20-10
302,0.4155339805825243,64.0,10.0,1.6922827164332073,0.01,2.0,25x25-10
303,0.17810760667903525,64.0,10.0,2.77003460460239,0.01,2.0,5x60-10
304,0.2849264705882353,64.0,15.0,1.9302865001890395,0.01,2.0,15x15-10
305,0.30451127819548873,64.0,15.0,2.0706970824135675,0.01,2.0,20x20-10
306,0.4116504854368932,64.0,15.0,1.4335883326000638,0.01,2.0,25x25-10
307,0.22077922077922077,64.0,15.0,2.3733414279090033,0.01,2.0,5x60-10
308,0.2977941176470588,64.0,20.0,1.8959623575210571,0.01,2.0,15x15-10
309,0.31203007518796994,64.0,20.0,2.0318788952297635,0.01,2.0,20x20-10
310,0.39223300970873787,64.0,20.0,1.716493633058336,0.01,2.0,25x25-10
311,0.2541743970315399,64.0,20.0,2.225774804751078,0.01,2.0,5x60-10
312,0.30330882352941174,128.0,10.0,2.0490366935729982,0.01,2.0,15x15-10
313,0.20488721804511278,128.0,10.0,2.30849928855896,0.01,2.0,20x20-10
314,0.4058252427184466,128.0,10.0,2.0457444190979004,0.01,2.0,25x25-10
315,0.13543599257884972,128.0,10.0,2.5931602478027345,0.01,2.0,5x60-10
316,0.29963235294117646,128.0,15.0,2.0024715662002563,0.01,2.0,15x15-10
317,0.24812030075187969,128.0,15.0,2.171405863761902,0.01,2.0,20x20-10
318,0.4155339805825243,128.0,15.0,1.3698485374450684,0.01,2.0,25x25-10
319,0.16512059369202226,128.0,15.0,2.3230345249176025,0.01,2.0,5x60-10
320,0.2959558823529412,128.0,20.0,1.9062832117080688,0.01,2.0,15x15-10
321,0.26879699248120303,128.0,20.0,2.2234866619110107,0.01,2.0,20x20-10
322,0.4077669902912621,128.0,20.0,1.8810125827789306,0.01,2.0,25x25-10
323,0.20037105751391465,128.0,20.0,2.0498993396759033,0.01,2.0,5x60-10
324,0.06801470588235294,32.0,10.0,3.7141630789812874,0.0001,3.0,15x15-10
325,0.05827067669172932,32.0,10.0,3.753097323810353,0.0001,3.0,20x20-10
326,0.05436893203883495,32.0,10.0,3.8627099990844727,0.0001,3.0,25x25-10
327,0.04638218923933209,32.0,10.0,3.806241708643296,0.0001,3.0,5x60-10
328,0.08088235294117647,32.0,15.0,3.63991416201872,0.0001,3.0,15x15-10
329,0.05639097744360902,32.0,15.0,3.6522142746869255,0.0001,3.0,20x20-10
330,0.07572815533980583,32.0,15.0,3.8372228566338036,0.0001,3.0,25x25-10
331,0.03896103896103896,32.0,15.0,3.731384613934685,0.0001,3.0,5x60-10
332,0.15441176470588236,32.0,20.0,3.593887357150807,0.0001,3.0,15x15-10
333,0.06203007518796992,32.0,20.0,3.6213384235606476,0.0001,3.0,20x20-10
334,0.06990291262135923,32.0,20.0,3.809576118693632,0.0001,3.0,25x25-10
335,0.04267161410018553,32.0,20.0,3.7140654255362118,0.0001,3.0,5x60-10
336,0.0661764705882353,64.0,10.0,3.998390621609158,0.0001,3.0,15x15-10
337,0.06015037593984962,64.0,10.0,4.050211800469293,0.0001,3.0,20x20-10
338,0.05436893203883495,64.0,10.0,4.029524644215901,0.0001,3.0,25x25-10
339,0.05009276437847866,64.0,10.0,4.06178527408176,0.0001,3.0,5x60-10
340,0.06985294117647059,64.0,15.0,3.833939896689521,0.0001,3.0,15x15-10
341,0.06390977443609022,64.0,15.0,3.901091628604465,0.0001,3.0,20x20-10
342,0.05436893203883495,64.0,15.0,3.9490626917945013,0.0001,3.0,25x25-10
343,0.04638218923933209,64.0,15.0,3.937318033642239,0.0001,3.0,5x60-10
344,0.06801470588235294,64.0,20.0,3.7123097578684487,0.0001,3.0,15x15-10
345,0.05827067669172932,64.0,20.0,3.7369419203864203,0.0001,3.0,20x20-10
346,0.05436893203883495,64.0,20.0,3.866066190931532,0.0001,3.0,25x25-10
347,0.04638218923933209,64.0,20.0,3.7975556320614285,0.0001,3.0,5x60-10
348,0.0661764705882353,128.0,10.0,4.11848030090332,0.0001,3.0,15x15-10
349,0.05075187969924812,128.0,10.0,4.139410972595215,0.0001,3.0,20x20-10
350,0.05631067961165048,128.0,10.0,4.115928745269775,0.0001,3.0,25x25-10
351,0.06679035250463822,128.0,10.0,4.134994697570801,0.0001,3.0,5x60-10
352,0.06801470588235294,128.0,15.0,4.06047887802124,0.0001,3.0,15x15-10
353,0.06015037593984962,128.0,15.0,4.095518589019775,0.0001,3.0,20x20-10
354,0.06019417475728155,128.0,15.0,4.086742877960205,0.0001,3.0,25x25-10
355,0.05380333951762523,128.0,15.0,4.102256870269775,0.0001,3.0,5x60-10
356,0.0661764705882353,128.0,20.0,3.993057632446289,0.0001,3.0,15x15-10
357,0.06015037593984962,128.0,20.0,4.044788837432861,0.0001,3.0,20x20-10
358,0.05436893203883495,128.0,20.0,4.023443746566772,0.0001,3.0,25x25-10
359,0.05009276437847866,128.0,20.0,4.055141448974609,0.0001,3.0,5x60-10
360,0.4319852941176471,32.0,10.0,1.1664294284932755,0.001,3.0,15x15-10
361,0.18045112781954886,32.0,10.0,2.1389540644253002,0.001,3.0,20x20-10
362,0.3864077669902913,32.0,10.0,1.6940352215486414,0.001,3.0,25x25-10
363,0.1150278293135436,32.0,10.0,2.905264700160307,0.001,3.0,5x60-10
364,0.46691176470588236,32.0,15.0,0.9067582978921778,0.001,3.0,15x15-10
365,0.2800751879699248,32.0,15.0,1.7015191947712618,0.001,3.0,20x20-10
366,0.47572815533980584,32.0,15.0,1.0922890936627108,0.001,3.0,25x25-10
367,0.19294990723562153,32.0,15.0,2.2505149420569923,0.001,3.0,5x60-10
368,0.4944852941176471,32.0,20.0,0.8376997919643626,0.001,3.0,15x15-10
369,0.2951127819548872,32.0,20.0,1.503806051085977,0.001,3.0,20x20-10
370,0.516504854368932,32.0,20.0,0.8982656598091125,0.001,3.0,25x25-10
371,0.21150278293135436,32.0,20.0,2.1664877989712883,0.001,3.0,5x60-10
372,0.19301470588235295,64.0,10.0,3.182076851526896,0.001,3.0,15x15-10
373,0.12969924812030076,64.0,10.0,3.4461915493011475,0.001,3.0,20x20-10
374,0.16893203883495145,64.0,10.0,3.1925859451293945,0.001,3.0,25x25-10
375,0.12244897959183673,64.0,10.0,3.591325283050537,0.001,3.0,5x60-10
376,0.35294117647058826,64.0,15.0,1.7056695752673678,0.001,3.0,15x15-10
377,0.15225563909774437,64.0,15.0,2.4649411042531333,0.001,3.0,20x20-10
378,0.23495145631067962,64.0,15.0,2.26385760307312,0.001,3.0,25x25-10
379,0.12244897959183673,64.0,15.0,3.3127520084381104,0.001,3.0,5x60-10
380,0.43566176470588236,64.0,20.0,1.1955114603042603,0.001,3.0,15x15-10
381,0.19924812030075187,64.0,20.0,2.1128659513261585,0.001,3.0,20x20-10
382,0.3786407766990291,64.0,20.0,1.6679358217451308,0.001,3.0,25x25-10
383,0.17068645640074212,64.0,20.0,2.4235753218332925,0.001,3.0,5x60-10
384,0.17647058823529413,128.0,10.0,3.595253658294678,0.001,3.0,15x15-10
385,0.05827067669172932,128.0,10.0,3.6227370262145997,0.001,3.0,20x20-10
386,0.16893203883495145,128.0,10.0,3.5224126815795898,0.001,3.0,25x25-10
387,0.04267161410018553,128.0,10.0,3.7598272800445556,0.001,3.0,5x60-10
388,0.18933823529411764,128.0,15.0,3.390195608139038,0.001,3.0,15x15-10
389,0.11090225563909774,128.0,15.0,3.546629810333252,0.001,3.0,20x20-10
390,0.15728155339805824,128.0,15.0,3.2994009494781493,0.001,3.0,25x25-10
391,0.04081632653061224,128.0,15.0,3.629687690734863,0.001,3.0,5x60-10
392,0.1875,128.0,20.0,3.1811968326568603,0.001,3.0,15x15-10
393,0.13533834586466165,128.0,20.0,3.4103153228759764,0.001,3.0,20x20-10
394,0.16893203883495145,128.0,20.0,3.213049554824829,0.001,3.0,25x25-10
395,0.10575139146567718,128.0,20.0,3.5451868534088136,0.001,3.0,5x60-10
396,0.4797794117647059,32.0,10.0,0.7518922020407284,0.01,3.0,15x15-10
397,0.4492481203007519,32.0,10.0,1.091149396756116,0.01,3.0,20x20-10
398,0.4893203883495146,32.0,10.0,0.7967044325435862,0.01,3.0,25x25-10
399,0.3914656771799629,32.0,10.0,1.3740689193501192,0.01,3.0,5x60-10
400,0.4889705882352941,32.0,15.0,0.7330319145146538,0.01,3.0,15x15-10
401,0.4548872180451128,32.0,15.0,0.9691228656207814,0.01,3.0,20x20-10
402,0.47572815533980584,32.0,15.0,0.7486396046245799,0.01,3.0,25x25-10
403,0.45083487940630795,32.0,15.0,1.0241243734079248,0.01,3.0,5x60-10
404,0.4944852941176471,32.0,20.0,0.7475423742743099,0.01,3.0,15x15-10
405,0.44360902255639095,32.0,20.0,0.9081600308418274,0.01,3.0,20x20-10
406,0.47766990291262135,32.0,20.0,0.7316112307941213,0.01,3.0,25x25-10
407,0.4619666048237477,32.0,20.0,0.940221509512733,0.01,3.0,5x60-10
408,0.4963235294117647,64.0,10.0,0.7747029794587029,0.01,3.0,15x15-10
409,0.35150375939849626,64.0,10.0,1.3752033445570204,0.01,3.0,20x20-10
410,0.49514563106796117,64.0,10.0,0.900927464167277,0.01,3.0,25x25-10
411,0.274582560296846,64.0,10.0,1.9090696043438382,0.01,3.0,5x60-10
412,0.5018382352941176,64.0,15.0,0.7602894769774543,0.01,3.0,15x15-10
413,0.3890977443609023,64.0,15.0,1.2797556320826213,0.01,3.0,20x20-10
414,0.5009708737864078,64.0,15.0,0.7556871970494589,0.01,3.0,25x25-10
415,0.3450834879406308,64.0,15.0,1.5067199998431735,0.01,3.0,5x60-10
416,0.5073529411764706,64.0,20.0,0.7464885181850858,0.01,3.0,15x15-10
417,0.4417293233082707,64.0,20.0,1.1518505149417453,0.01,3.0,20x20-10
418,0.4854368932038835,64.0,20.0,0.7399696972635057,0.01,3.0,25x25-10
419,0.3747680890538033,64.0,20.0,1.316337479485406,0.01,3.0,5x60-10
420,0.5,128.0,10.0,0.8269389986991882,0.01,3.0,15x15-10
421,0.31203007518796994,128.0,10.0,1.4820444583892822,0.01,3.0,20x20-10
422,0.5067961165048543,128.0,10.0,1.1121060848236084,0.01,3.0,25x25-10
423,0.19109461966604824,128.0,10.0,2.2061439037322996,0.01,3.0,5x60-10
424,0.4963235294117647,128.0,15.0,0.7993465662002563,0.01,3.0,15x15-10
425,0.33458646616541354,128.0,15.0,1.4231015205383302,0.01,3.0,20x20-10
426,0.5223300970873787,128.0,15.0,0.7872198462486267,0.01,3.0,25x25-10
427,0.22263450834879406,128.0,15.0,1.927922511100769,0.01,3.0,5x60-10
428,0.4944852941176471,128.0,20.0,0.7940380454063416,0.01,3.0,15x15-10
429,0.36278195488721804,128.0,20.0,1.3529762268066405,0.01,3.0,20x20-10
430,0.5203883495145631,128.0,20.0,0.7444405198097229,0.01,3.0,25x25-10
431,0.2727272727272727,128.0,20.0,1.8173375606536866,0.01,3.0,5x60-10
432,0.08272058823529412,32.0,10.0,4.03262240746442,0.0001,4.0,15x15-10
433,0.06015037593984962,32.0,10.0,4.043939716675702,0.0001,4.0,20x20-10
434,0.08155339805825243,32.0,10.0,4.045645068673527,0.0001,4.0,25x25-10
435,0.06493506493506493,32.0,10.0,4.040859601076911,0.0001,4.0,5x60-10
436,0.08639705882352941,32.0,15.0,3.967354746425853,0.0001,4.0,15x15-10
437,0.05639097744360902,32.0,15.0,4.001867827247171,0.0001,4.0,20x20-10
438,0.07572815533980583,32.0,15.0,3.985963400672464,0.0001,4.0,25x25-10
439,0.059369202226345084,32.0,15.0,3.981998261283426,0.0001,4.0,5x60-10
440,0.08455882352941177,32.0,20.0,3.947821420781753,0.0001,4.0,15x15-10
441,0.05827067669172932,32.0,20.0,3.9805507098927215,0.0001,4.0,20x20-10
442,0.07572815533980583,32.0,20.0,4.000193189172184,0.0001,4.0,25x25-10
443,0.0575139146567718,32.0,20.0,3.9710843703326058,0.0001,4.0,5x60-10
444,0.08088235294117647,64.0,10.0,4.104714658525255,0.0001,4.0,15x15-10
445,0.05075187969924812,64.0,10.0,4.107339753044976,0.0001,4.0,20x20-10
446,0.07184466019417475,64.0,10.0,4.1083850330776635,0.0001,4.0,25x25-10
447,0.061224489795918366,64.0,10.0,4.111208491855198,0.0001,4.0,5x60-10
448,0.08088235294117647,64.0,15.0,4.071201271480984,0.0001,4.0,15x15-10
449,0.04887218045112782,64.0,15.0,4.084416760338677,0.0001,4.0,20x20-10
450,0.08349514563106795,64.0,15.0,4.07476446363661,0.0001,4.0,25x25-10
451,0.061224489795918366,64.0,15.0,4.078876124487983,0.0001,4.0,5x60-10
452,0.08272058823529412,64.0,20.0,4.033090909322103,0.0001,4.0,15x15-10
453,0.05827067669172932,64.0,20.0,4.0344992478688555,0.0001,4.0,20x20-10
454,0.08155339805825243,64.0,20.0,4.064964400397407,0.0001,4.0,25x25-10
455,0.061224489795918366,64.0,20.0,4.039686414930555,0.0001,4.0,5x60-10
456,0.08455882352941177,128.0,10.0,4.134207820892334,0.0001,4.0,15x15-10
457,0.06766917293233082,128.0,10.0,4.13499002456665,0.0001,4.0,20x20-10
458,0.06601941747572816,128.0,10.0,4.134822654724121,0.0001,4.0,25x25-10
459,0.07421150278293136,128.0,10.0,4.138282012939453,0.0001,4.0,5x60-10
460,0.08639705882352941,128.0,15.0,4.120540523529053,0.0001,4.0,15x15-10
461,0.06015037593984962,128.0,15.0,4.128922843933106,0.0001,4.0,20x20-10
462,0.062135922330097085,128.0,15.0,4.118626117706299,0.0001,4.0,25x25-10
463,0.06679035250463822,128.0,15.0,4.12553768157959,0.0001,4.0,5x60-10
464,0.08088235294117647,128.0,20.0,4.105942630767823,0.0001,4.0,15x15-10
465,0.05075187969924812,128.0,20.0,4.10194091796875,0.0001,4.0,20x20-10
466,0.07378640776699029,128.0,20.0,4.123371887207031,0.0001,4.0,25x25-10
467,0.059369202226345084,128.0,20.0,4.109749889373779,0.0001,4.0,5x60-10
468,0.11029411764705882,32.0,10.0,3.8214979452245377,0.001,4.0,15x15-10
469,0.06954887218045112,32.0,10.0,3.899316535276525,0.001,4.0,20x20-10
470,0.0854368932038835,32.0,10.0,3.846173749250524,0.001,4.0,25x25-10
471,0.0686456400742115,32.0,10.0,3.964042775771197,0.001,4.0,5x60-10
472,0.24448529411764705,32.0,15.0,3.22622909265406,0.001,4.0,15x15-10
473,0.07894736842105263,32.0,15.0,3.7424537855036117,0.001,4.0,20x20-10
474,0.1378640776699029,32.0,15.0,3.5983768210691562,0.001,4.0,25x25-10
475,0.06493506493506493,32.0,15.0,3.9518524478463566,0.001,4.0,5x60-10
476,0.25183823529411764,32.0,20.0,2.781447438632741,0.001,4.0,15x15-10
477,0.10150375939849623,32.0,20.0,3.4830264063442455,0.001,4.0,20x20-10
478,0.13980582524271845,32.0,20.0,3.4213769996867462,0.001,4.0,25x25-10
479,0.06679035250463822,32.0,20.0,3.9376699643976547,0.001,4.0,5x60-10
480,0.08272058823529412,64.0,10.0,3.915699217054579,0.001,4.0,15x15-10
481,0.05827067669172932,64.0,10.0,3.9511898623572455,0.001,4.0,20x20-10
482,0.08155339805825243,64.0,10.0,3.9504316912757025,0.001,4.0,25x25-10
483,0.06493506493506493,64.0,10.0,3.965788894229465,0.001,4.0,5x60-10
484,0.08272058823529412,64.0,15.0,3.8845577239990234,0.001,4.0,15x15-10
485,0.06578947368421052,64.0,15.0,3.9604417747921414,0.001,4.0,20x20-10
486,0.08155339805825243,64.0,15.0,3.9034411112467446,0.001,4.0,25x25-10
487,0.06493506493506493,64.0,15.0,3.9636529551612005,0.001,4.0,5x60-10
488,0.10845588235294118,64.0,20.0,3.819131851196289,0.001,4.0,15x15-10
489,0.06766917293233082,64.0,20.0,3.8800847000545926,0.001,4.0,20x20-10
490,0.07961165048543689,64.0,20.0,3.9009403387705484,0.001,4.0,25x25-10
491,0.0686456400742115,64.0,20.0,3.9568854437934027,0.001,4.0,5x60-10
492,0.08823529411764706,128.0,10.0,3.9348377704620363,0.001,4.0,15x15-10
493,0.05639097744360902,128.0,10.0,3.955608034133911,0.001,4.0,20x20-10
494,0.07572815533980583,128.0,10.0,3.9647592067718507,0.001,4.0,25x25-10
495,0.0575139146567718,128.0,10.0,3.960731554031372,0.001,4.0,5x60-10
496,0.08272058823529412,128.0,15.0,3.9282723903656005,0.001,4.0,15x15-10
497,0.05827067669172932,128.0,15.0,4.017971754074097,0.001,4.0,20x20-10
498,0.08155339805825243,128.0,15.0,3.9376780509948732,0.001,4.0,25x25-10
499,0.055658627087198514,128.0,15.0,3.9664231300354005,0.001,4.0,5x60-10
500,0.08455882352941177,128.0,20.0,3.9229899406433106,0.001,4.0,15x15-10
501,0.06015037593984962,128.0,20.0,3.921598720550537,0.001,4.0,20x20-10
502,0.07961165048543689,128.0,20.0,4.044288778305054,0.001,4.0,25x25-10
503,0.061224489795918366,128.0,20.0,3.9563148498535154,0.001,4.0,5x60-10
504,0.2555147058823529,32.0,10.0,2.294796445790459,0.01,4.0,15x15-10
505,0.20112781954887218,32.0,10.0,3.0962728893055633,0.01,4.0,20x20-10
506,0.1650485436893204,32.0,10.0,3.1050813338335823,0.01,4.0,25x25-10
507,0.2523191094619666,32.0,10.0,2.0107511001474716,0.01,4.0,5x60-10
508,0.4007352941176471,32.0,15.0,1.4830704787198234,0.01,4.0,15x15-10
509,0.19924812030075187,32.0,15.0,3.0739295763127945,0.01,4.0,20x20-10
510,0.17281553398058253,32.0,15.0,3.116520601160386,0.01,4.0,25x25-10
511,0.28385899814471244,32.0,15.0,1.8476919917499317,0.01,4.0,5x60-10
512,0.2647058823529412,32.0,20.0,2.287173165994532,0.01,4.0,15x15-10
513,0.18984962406015038,32.0,20.0,3.0479159074671127,0.01,4.0,20x20-10
514,0.1825242718446602,32.0,20.0,3.167944978265201,0.01,4.0,25x25-10
515,0.3320964749536178,32.0,20.0,1.7136093378067017,0.01,4.0,5x60-10
516,0.24816176470588236,64.0,10.0,2.308958053588867,0.01,4.0,15x15-10
517,0.17293233082706766,64.0,10.0,3.208847019407484,0.01,4.0,20x20-10
518,0.16116504854368932,64.0,10.0,3.1088860034942627,0.01,4.0,25x25-10
519,0.14100185528756956,64.0,10.0,2.9712853961520724,0.01,4.0,5x60-10
520,0.24448529411764705,64.0,15.0,2.301532586415609,0.01,4.0,15x15-10
521,0.17669172932330826,64.0,15.0,3.1817834907107883,0.01,4.0,20x20-10
522,0.1941747572815534,64.0,15.0,3.113398657904731,0.01,4.0,25x25-10
523,0.17068645640074212,64.0,15.0,2.725582864549425,0.01,4.0,5x60-10
524,0.2702205882352941,64.0,20.0,2.296601480907864,0.01,4.0,15x15-10
525,0.19360902255639098,64.0,20.0,3.0629439618852405,0.01,4.0,20x20-10
526,0.18640776699029127,64.0,20.0,3.221830368041992,0.01,4.0,25x25-10
527,0.18552875695732837,64.0,20.0,2.5921913517846003,0.01,4.0,5x60-10
528,0.3639705882352941,128.0,10.0,1.8493013381958008,0.01,4.0,15x15-10
529,0.09586466165413533,128.0,10.0,3.4244126319885253,0.01,4.0,20x20-10
530,0.1436893203883495,128.0,10.0,3.3521755218505858,0.01,4.0,25x25-10
531,0.09647495361781076,128.0,10.0,3.475195217132568,0.01,4.0,5x60-10
532,0.3694852941176471,128.0,15.0,1.5759377002716064,0.01,4.0,15x15-10
533,0.15037593984962405,128.0,15.0,3.3280351638793944,0.01,4.0,20x20-10
534,0.14757281553398058,128.0,15.0,3.151590585708618,0.01,4.0,25x25-10
535,0.12244897959183673,128.0,15.0,3.2327567100524903,0.01,4.0,5x60-10
536,0.37683823529411764,128.0,20.0,1.48721604347229,0.01,4.0,15x15-10
537,0.18609022556390978,128.0,20.0,3.161908197402954,0.01,4.0,20x20-10
538,0.170873786407767,128.0,20.0,3.333539438247681,0.01,4.0,25x25-10
539,0.1280148423005566,128.0,20.0,2.927883529663086,0.01,4.0,5x60-10
540,0.08455882352941177,32.0,10.0,3.8025621947120216,0.0001,5.0,15x15-10
541,0.05827067669172932,32.0,10.0,3.8142789672402775,0.0001,5.0,20x20-10
542,0.12427184466019417,32.0,10.0,3.9814616792342243,0.0001,5.0,25x25-10
543,0.06493506493506493,32.0,10.0,3.9992083942188934,0.0001,5.0,5x60-10
544,0.07904411764705882,32.0,15.0,3.603482625063728,0.0001,5.0,15x15-10
545,0.05827067669172932,32.0,15.0,3.6576012443093693,0.0001,5.0,20x20-10
546,0.1203883495145631,32.0,15.0,3.875501366222606,0.0001,5.0,25x25-10
547,0.061224489795918366,32.0,15.0,3.8987388751086067,0.0001,5.0,5x60-10
548,0.17463235294117646,32.0,20.0,3.54613416335162,0.0001,5.0,15x15-10
549,0.08834586466165413,32.0,20.0,3.6013366615071014,0.0001,5.0,20x20-10
550,0.13980582524271845,32.0,20.0,3.8016806490281048,0.0001,5.0,25x25-10
551,0.07050092764378478,32.0,20.0,3.8626281654133514,0.0001,5.0,5x60-10
552,0.07352941176470588,64.0,10.0,4.042737695905897,0.0001,5.0,15x15-10
553,0.06578947368421052,64.0,10.0,4.046758810679118,0.0001,5.0,20x20-10
554,0.12233009708737864,64.0,10.0,4.092471228705512,0.0001,5.0,25x25-10
555,0.08719851576994433,64.0,10.0,4.0952743424309626,0.0001,5.0,5x60-10
556,0.08639705882352941,64.0,15.0,3.9485789404975042,0.0001,5.0,15x15-10
557,0.05827067669172932,64.0,15.0,3.9513548215230307,0.0001,5.0,20x20-10
558,0.12233009708737864,64.0,15.0,4.03359678056505,0.0001,5.0,25x25-10
559,0.08348794063079777,64.0,15.0,4.051845550537109,0.0001,5.0,5x60-10
560,0.08455882352941177,64.0,20.0,3.7983830769856772,0.0001,5.0,15x15-10
561,0.05827067669172932,64.0,20.0,3.7933116224077015,0.0001,5.0,20x20-10
562,0.1262135922330097,64.0,20.0,3.9420812129974365,0.0001,5.0,25x25-10
563,0.06493506493506493,64.0,20.0,4.0018400351206465,0.0001,5.0,5x60-10
564,0.027573529411764705,128.0,10.0,4.1063274383544925,0.0001,5.0,15x15-10
565,0.09210526315789473,128.0,10.0,4.112898826599121,0.0001,5.0,20x20-10
566,0.09902912621359224,128.0,10.0,4.134911918640137,0.0001,5.0,25x25-10
567,0.07235621521335807,128.0,10.0,4.131575679779052,0.0001,5.0,5x60-10
568,0.04411764705882353,128.0,15.0,4.076827049255371,0.0001,5.0,15x15-10
569,0.12781954887218044,128.0,15.0,4.083367729187012,0.0001,5.0,20x20-10
570,0.10485436893203884,128.0,15.0,4.107000064849854,0.0001,5.0,25x25-10
571,0.07606679035250463,128.0,15.0,4.112900161743164,0.0001,5.0,5x60-10
572,0.07352941176470588,128.0,20.0,4.040105152130127,0.0001,5.0,15x15-10
573,0.09586466165413533,128.0,20.0,4.039610719680786,0.0001,5.0,20x20-10
574,0.1378640776699029,128.0,20.0,4.0646110534667965,0.0001,5.0,25x25-10
575,0.09276437847866419,128.0,20.0,4.097925090789795,0.0001,5.0,5x60-10
576,0.29411764705882354,32.0,10.0,2.33327176991631,0.001,5.0,15x15-10
577,0.10902255639097744,32.0,10.0,3.042471605188706,0.001,5.0,20x20-10
578,0.2912621359223301,32.0,10.0,2.653782101238475,0.001,5.0,25x25-10
579,0.137291280148423,32.0,10.0,2.6080410480499268,0.001,5.0,5x60-10
580,0.3639705882352941,32.0,15.0,1.8640171008951523,0.001,5.0,15x15-10
581,0.16541353383458646,32.0,15.0,2.7200552856220916,0.001,5.0,20x20-10
582,0.3533980582524272,32.0,15.0,2.276365504545324,0.001,5.0,25x25-10
583,0.13172541743970315,32.0,15.0,2.4191181940190933,0.001,5.0,5x60-10
584,0.38786764705882354,32.0,20.0,1.6965994905023014,0.001,5.0,15x15-10
585,0.19924812030075187,32.0,20.0,2.487124106463264,0.001,5.0,20x20-10
586,0.37281553398058254,32.0,20.0,2.0142028051264145,0.001,5.0,25x25-10
587,0.18738404452690166,32.0,20.0,2.288187202285318,0.001,5.0,5x60-10
588,0.17095588235294118,64.0,10.0,3.1852514478895397,0.001,5.0,15x15-10
589,0.13157894736842105,64.0,10.0,3.2978404098086886,0.001,5.0,20x20-10
590,0.20194174757281552,64.0,10.0,3.223792208565606,0.001,5.0,25x25-10
591,0.10575139146567718,64.0,10.0,3.3888476954566107,0.001,5.0,5x60-10
592,0.21691176470588236,64.0,15.0,2.708763149049547,0.001,5.0,15x15-10
593,0.11090225563909774,64.0,15.0,3.027091900507609,0.001,5.0,20x20-10
594,0.2524271844660194,64.0,15.0,2.862757444381714,0.001,5.0,25x25-10
595,0.11317254174397032,64.0,15.0,3.203051275677151,0.001,5.0,5x60-10
596,0.2757352941176471,64.0,20.0,2.3274740642971463,0.001,5.0,15x15-10
597,0.12969924812030076,64.0,20.0,2.7384677992926703,0.001,5.0,20x20-10
598,0.2970873786407767,64.0,20.0,2.528077416949802,0.001,5.0,25x25-10
599,0.1391465677179963,64.0,20.0,2.515337255265978,0.001,5.0,5x60-10
600,0.1801470588235294,128.0,10.0,3.5274212837219237,0.001,5.0,15x15-10
601,0.08082706766917293,128.0,10.0,3.5681101799011232,0.001,5.0,20x20-10
602,0.14757281553398058,128.0,10.0,3.9473690032958983,0.001,5.0,25x25-10
603,0.07235621521335807,128.0,10.0,3.623230743408203,0.001,5.0,5x60-10
604,0.19669117647058823,128.0,15.0,3.3866196155548094,0.001,5.0,15x15-10
605,0.11090225563909774,128.0,15.0,3.479106903076172,0.001,5.0,20x20-10
606,0.14757281553398058,128.0,15.0,3.6831337451934814,0.001,5.0,25x25-10
607,0.12244897959183673,128.0,15.0,3.4576208114624025,0.001,5.0,5x60-10
608,0.18566176470588236,128.0,20.0,3.1587866306304933,0.001,5.0,15x15-10
609,0.13157894736842105,128.0,20.0,3.223069763183594,0.001,5.0,20x20-10
610,0.19223300970873786,128.0,20.0,3.1291811943054197,0.001,5.0,25x25-10
611,0.1038961038961039,128.0,20.0,3.3605109214782716,0.001,5.0,5x60-10
612,0.3713235294117647,32.0,10.0,1.5539652740254122,0.01,5.0,15x15-10
613,0.43045112781954886,32.0,10.0,1.3331704209832584,0.01,5.0,20x20-10
614,0.3825242718446602,32.0,10.0,1.6327702788745655,0.01,5.0,25x25-10
615,0.2727272727272727,32.0,10.0,2.0802052511888394,0.01,5.0,5x60-10
616,0.3786764705882353,32.0,15.0,1.5419608564937817,0.01,5.0,15x15-10
617,0.40977443609022557,32.0,15.0,1.2488373202436112,0.01,5.0,20x20-10
618,0.3825242718446602,32.0,15.0,1.5973409905153162,0.01,5.0,25x25-10
619,0.3358070500927644,32.0,15.0,1.8895385405596565,0.01,5.0,5x60-10
620,0.3915441176470588,32.0,20.0,1.533051511820625,0.01,5.0,15x15-10
621,0.44548872180451127,32.0,20.0,1.196755034082076,0.01,5.0,20x20-10
622,0.37475728155339805,32.0,20.0,1.552759654381696,0.01,5.0,25x25-10
623,0.3673469387755102,32.0,20.0,1.7646713116589714,0.01,5.0,5x60-10
624,0.37683823529411764,64.0,10.0,1.5674497948752508,0.01,5.0,15x15-10
625,0.231203007518797,64.0,10.0,2.2774140304989285,0.01,5.0,20x20-10
626,0.36699029126213595,64.0,10.0,1.7099183665381537,0.01,5.0,25x25-10
627,0.2560296846011132,64.0,10.0,1.880378908581204,0.01,5.0,5x60-10
628,0.37316176470588236,64.0,15.0,1.5544491211573284,0.01,5.0,15x15-10
629,0.2819548872180451,64.0,15.0,2.192090564303928,0.01,5.0,20x20-10
630,0.37281553398058254,64.0,15.0,1.536312652958764,0.01,5.0,25x25-10
631,0.287569573283859,64.0,15.0,1.6545444064670138,0.01,5.0,5x60-10
632,0.3915441176470588,64.0,20.0,1.5350644058651395,0.01,5.0,15x15-10
633,0.287593984962406,64.0,20.0,2.0601919889450073,0.01,5.0,20x20-10
634,0.3592233009708738,64.0,20.0,1.558321111732059,0.01,5.0,25x25-10
635,0.34879406307977734,64.0,20.0,1.5239582459131877,0.01,5.0,5x60-10
636,0.3805147058823529,128.0,10.0,1.6721503257751464,0.01,5.0,15x15-10
637,0.16729323308270677,128.0,10.0,2.4376664638519285,0.01,5.0,20x20-10
638,0.4097087378640777,128.0,10.0,2.2317128658294676,0.01,5.0,25x25-10
639,0.09090909090909091,128.0,10.0,2.978290843963623,0.01,5.0,5x60-10
640,0.3952205882352941,128.0,15.0,1.5873036861419678,0.01,5.0,15x15-10
641,0.2274436090225564,128.0,15.0,2.376210832595825,0.01,5.0,20x20-10
642,0.4155339805825243,128.0,15.0,1.8281970977783204,0.01,5.0,25x25-10
643,0.15398886827458255,128.0,15.0,2.6099847316741944,0.01,5.0,5x60-10
644,0.38786764705882354,128.0,20.0,1.5513233184814452,0.01,5.0,15x15-10
645,0.26879699248120303,128.0,20.0,2.2094166040420533,0.01,5.0,20x20-10
646,0.4058252427184466,128.0,20.0,1.6568005800247192,0.01,5.0,25x25-10
647,0.18552875695732837,128.0,20.0,2.433026170730591,0.01,5.0,5x60-10
648,0.07352941176470588,32.0,10.0,3.0467630133909336,0.0001,6.0,15x15-10
649,0.06578947368421052,32.0,10.0,3.053322020698996,0.0001,6.0,20x20-10
650,0.06796116504854369,32.0,10.0,3.031131477916942,0.0001,6.0,25x25-10
651,0.07792207792207792,32.0,10.0,3.1230394139009365,0.0001,6.0,5x60-10
652,0.10110294117647059,32.0,15.0,2.901186662561753,0.0001,6.0,15x15-10
653,0.07894736842105263,32.0,15.0,2.9266275658326992,0.0001,6.0,20x20-10
654,0.07378640776699029,32.0,15.0,2.8837690774132225,0.0001,6.0,25x25-10
655,0.08163265306122448,32.0,15.0,2.983855303596048,0.0001,6.0,5x60-10
656,0.10661764705882353,32.0,20.0,2.8270174615523396,0.0001,6.0,15x15-10
657,0.08270676691729323,32.0,20.0,2.870979070663452,0.0001,6.0,20x20-10
658,0.1203883495145631,32.0,20.0,2.8253607329200294,0.0001,6.0,25x25-10
659,0.07977736549165121,32.0,20.0,2.9393747133367203,0.0001,6.0,5x60-10
660,0.13602941176470587,64.0,10.0,3.7302744918399386,0.0001,6.0,15x15-10
661,0.11466165413533834,64.0,10.0,3.69702418645223,0.0001,6.0,20x20-10
662,0.04854368932038835,64.0,10.0,3.7037344773610434,0.0001,6.0,25x25-10
663,0.059369202226345084,64.0,10.0,3.802223523457845,0.0001,6.0,5x60-10
664,0.07536764705882353,64.0,15.0,3.294873343573676,0.0001,6.0,15x15-10
665,0.06390977443609022,64.0,15.0,3.26074128680759,0.0001,6.0,20x20-10
666,0.07184466019417475,64.0,15.0,3.2180953290727405,0.0001,6.0,25x25-10
667,0.07977736549165121,64.0,15.0,3.385351472430759,0.0001,6.0,5x60-10
668,0.07169117647058823,64.0,20.0,3.046026441786024,0.0001,6.0,15x15-10
669,0.06203007518796992,64.0,20.0,3.0435327688852944,0.0001,6.0,20x20-10
670,0.06796116504854369,64.0,20.0,3.032232496473524,0.0001,6.0,25x25-10
671,0.07977736549165121,64.0,20.0,3.1151152186923556,0.0001,6.0,5x60-10
672,0.0625,128.0,10.0,4.005893993377685,0.0001,6.0,15x15-10
673,0.06954887218045112,128.0,10.0,3.9955576419830323,0.0001,6.0,20x20-10
674,0.0970873786407767,128.0,10.0,3.98842134475708,0.0001,6.0,25x25-10
675,0.0686456400742115,128.0,10.0,4.024822807312011,0.0001,6.0,5x60-10
676,0.19117647058823528,128.0,15.0,3.899558115005493,0.0001,6.0,15x15-10
677,0.09210526315789473,128.0,15.0,3.8810173511505126,0.0001,6.0,20x20-10
678,0.07378640776699029,128.0,15.0,3.849902296066284,0.0001,6.0,25x25-10
679,0.055658627087198514,128.0,15.0,3.9347236156463623,0.0001,6.0,5x60-10
680,0.13602941176470587,128.0,20.0,3.73199257850647,0.0001,6.0,15x15-10
681,0.11466165413533834,128.0,20.0,3.702931451797485,0.0001,6.0,20x20-10
682,0.04660194174757282,128.0,20.0,3.7004598140716554,0.0001,6.0,25x25-10
683,0.0575139146567718,128.0,20.0,3.797458791732788,0.0001,6.0,5x60-10
684,0.45955882352941174,32.0,10.0,1.2148554886088652,0.001,6.0,15x15-10
685,0.2236842105263158,32.0,10.0,1.979232668876648,0.001,6.0,20x20-10
686,0.37475728155339805,32.0,10.0,1.5269071424708647,0.001,6.0,25x25-10
687,0.14471243042671614,32.0,10.0,2.386707768720739,0.001,6.0,5x60-10
688,0.49080882352941174,32.0,15.0,0.8751704973333022,0.001,6.0,15x15-10
689,0.2725563909774436,32.0,15.0,1.5948147703619564,0.001,6.0,20x20-10
690,0.44660194174757284,32.0,15.0,1.1284496188163757,0.001,6.0,25x25-10
691,0.14656771799628943,32.0,15.0,2.295031659743365,0.001,6.0,5x60-10
692,0.4944852941176471,32.0,20.0,0.7933097306419822,0.001,6.0,15x15-10
693,0.2894736842105263,32.0,20.0,1.4708697094636805,0.001,6.0,20x20-10
694,0.4970873786407767,32.0,20.0,0.9532443004495957,0.001,6.0,25x25-10
695,0.15213358070500926,32.0,20.0,2.222549964399899,0.001,6.0,5x60-10
696,0.3235294117647059,64.0,10.0,2.218099673589071,0.001,6.0,15x15-10
697,0.15977443609022557,64.0,10.0,2.565512948566013,0.001,6.0,20x20-10
698,0.2174757281553398,64.0,10.0,2.3583537207709417,0.001,6.0,25x25-10
699,0.14656771799628943,64.0,10.0,2.7897682189941406,0.001,6.0,5x60-10
700,0.4264705882352941,64.0,15.0,1.646160774760776,0.001,6.0,15x15-10
701,0.2161654135338346,64.0,15.0,2.219072103500366,0.001,6.0,20x20-10
702,0.30097087378640774,64.0,15.0,1.896297772725423,0.001,6.0,25x25-10
703,0.1614100185528757,64.0,15.0,2.481983608669705,0.001,6.0,5x60-10
704,0.4650735294117647,64.0,20.0,1.2196316189236112,0.001,6.0,15x15-10
705,0.22180451127819548,64.0,20.0,1.953150365087721,0.001,6.0,20x20-10
706,0.3844660194174757,64.0,20.0,1.5489270687103271,0.001,6.0,25x25-10
707,0.1391465677179963,64.0,20.0,2.346240441004435,0.001,6.0,5x60-10
708,0.17463235294117646,128.0,10.0,2.817267084121704,0.001,6.0,15x15-10
709,0.07894736842105263,128.0,10.0,2.8367013454437258,0.001,6.0,20x20-10
710,0.14951456310679612,128.0,10.0,2.7979571342468263,0.001,6.0,25x25-10
711,0.08348794063079777,128.0,10.0,2.9088770866394045,0.001,6.0,5x60-10
712,0.27941176470588236,128.0,15.0,2.564302110671997,0.001,6.0,15x15-10
713,0.15225563909774437,128.0,15.0,2.741704797744751,0.001,6.0,20x20-10
714,0.21553398058252426,128.0,15.0,2.606902503967285,0.001,6.0,25x25-10
715,0.10018552875695733,128.0,15.0,2.882206344604492,0.001,6.0,5x60-10
716,0.2867647058823529,128.0,20.0,2.208763313293457,0.001,6.0,15x15-10
717,0.16541353383458646,128.0,20.0,2.5603143215179442,0.001,6.0,20x20-10
718,0.2174757281553398,128.0,20.0,2.256822633743286,0.001,6.0,25x25-10
719,0.14471243042671614,128.0,20.0,2.764023208618164,0.001,6.0,5x60-10
720,0.5183823529411765,32.0,10.0,0.7271791836794685,0.01,6.0,15x15-10
721,0.40601503759398494,32.0,10.0,1.1667258669348324,0.01,6.0,20x20-10
722,0.49514563106796117,32.0,10.0,0.7413910276749555,0.01,6.0,25x25-10
723,0.33766233766233766,32.0,10.0,1.4139496158151066,0.01,6.0,5x60-10
724,0.5147058823529411,32.0,15.0,0.7238102309844073,0.01,6.0,15x15-10
725,0.4116541353383459,32.0,15.0,1.071055194910835,0.01,6.0,20x20-10
726,0.5029126213592233,32.0,15.0,0.727720113361583,0.01,6.0,25x25-10
727,0.44341372912801486,32.0,15.0,1.1423212920918184,0.01,6.0,5x60-10
728,0.5147058823529411,32.0,20.0,0.713811341454001,0.01,6.0,15x15-10
729,0.44360902255639095,32.0,20.0,0.9903772964197046,0.01,6.0,20x20-10
730,0.47184466019417476,32.0,20.0,0.725153502295999,0.01,6.0,25x25-10
731,0.47309833024118736,32.0,20.0,0.9501942746779498,0.01,6.0,5x60-10
732,0.5036764705882353,64.0,10.0,0.7389386892318726,0.01,6.0,15x15-10
733,0.34022556390977443,64.0,10.0,1.3237342437108357,0.01,6.0,20x20-10
734,0.512621359223301,64.0,10.0,0.7797757652070787,0.01,6.0,25x25-10
735,0.23191094619666047,64.0,10.0,1.9091252088546753,0.01,6.0,5x60-10
736,0.5036764705882353,64.0,15.0,0.7324859963523017,0.01,6.0,15x15-10
737,0.37030075187969924,64.0,15.0,1.2147878408432007,0.01,6.0,20x20-10
738,0.49320388349514566,64.0,15.0,0.7446733713150024,0.01,6.0,25x25-10
739,0.3209647495361781,64.0,15.0,1.575529204474555,0.01,6.0,5x60-10
740,0.5110294117647058,64.0,20.0,0.7199252711402045,0.01,6.0,15x15-10
741,0.40977443609022557,64.0,20.0,1.1255687210294936,0.01,6.0,20x20-10
742,0.5029126213592233,64.0,20.0,0.7406928870413039,0.01,6.0,25x25-10
743,0.3525046382189239,64.0,20.0,1.3708558744854398,0.01,6.0,5x60-10
744,0.5018382352941176,128.0,10.0,0.7837357640266418,0.01,6.0,15x15-10
745,0.29135338345864664,128.0,10.0,1.453561782836914,0.01,6.0,20x20-10
746,0.5184466019417475,128.0,10.0,0.9053250432014466,0.01,6.0,25x25-10
747,0.14656771799628943,128.0,10.0,2.2916678905487062,0.01,6.0,5x60-10
748,0.5091911764705882,128.0,15.0,0.7635606408119202,0.01,6.0,15x15-10
749,0.32706766917293234,128.0,15.0,1.4128408670425414,0.01,6.0,20x20-10
750,0.5262135922330097,128.0,15.0,0.7896394014358521,0.01,6.0,25x25-10
751,0.21335807050092764,128.0,15.0,1.9540637493133546,0.01,6.0,5x60-10
752,0.4963235294117647,128.0,20.0,0.7349924683570862,0.01,6.0,15x15-10
753,0.34774436090225563,128.0,20.0,1.3394353866577149,0.01,6.0,20x20-10
754,0.5203883495145631,128.0,20.0,0.7815233826637268,0.01,6.0,25x25-10
755,0.25788497217068646,128.0,20.0,1.780116605758667,0.01,6.0,5x60-10
756,0.1488970588235294,32.0,10.0,3.455771432203405,0.0001,7.0,15x15-10
757,0.09398496240601503,32.0,10.0,3.523617520051844,0.0001,7.0,20x20-10
758,0.12815533980582525,32.0,10.0,3.5131383222692154,0.0001,7.0,25x25-10
759,0.06307977736549165,32.0,10.0,3.55271718081306,0.0001,7.0,5x60-10
760,0.20404411764705882,32.0,15.0,3.3906000361723057,0.0001,7.0,15x15-10
761,0.10714285714285714,32.0,15.0,3.461740087060367,0.0001,7.0,20x20-10
762,0.1436893203883495,32.0,15.0,3.4531180297627166,0.0001,7.0,25x25-10
763,0.08163265306122448,32.0,15.0,3.515705613528981,0.0001,7.0,5x60-10
764,0.25183823529411764,32.0,20.0,3.336924763286815,0.0001,7.0,15x15-10
765,0.13721804511278196,32.0,20.0,3.4096064427319694,0.0001,7.0,20x20-10
766,0.1766990291262136,32.0,20.0,3.4126799387090347,0.0001,7.0,25x25-10
767,0.08719851576994433,32.0,20.0,3.494983392603257,0.0001,7.0,5x60-10
768,0.15073529411764705,64.0,10.0,3.789385954538981,0.0001,7.0,15x15-10
769,0.08834586466165413,64.0,10.0,3.7815794944763184,0.0001,7.0,20x20-10
770,0.11067961165048544,64.0,10.0,3.7846912807888455,0.0001,7.0,25x25-10
771,0.07050092764378478,64.0,10.0,3.8906930022769504,0.0001,7.0,5x60-10
772,0.15257352941176472,64.0,15.0,3.543757120768229,0.0001,7.0,15x15-10
773,0.08270676691729323,64.0,15.0,3.5793168014950223,0.0001,7.0,20x20-10
774,0.09902912621359224,64.0,15.0,3.5252731111314564,0.0001,7.0,25x25-10
775,0.0686456400742115,64.0,15.0,3.645943191316393,0.0001,7.0,5x60-10
776,0.1488970588235294,64.0,20.0,3.446141825781928,0.0001,7.0,15x15-10
777,0.09586466165413533,64.0,20.0,3.495754268434313,0.0001,7.0,20x20-10
778,0.13009708737864079,64.0,20.0,3.4787076579199896,0.0001,7.0,25x25-10
779,0.061224489795918366,64.0,20.0,3.547099510828654,0.0001,7.0,5x60-10
780,0.1801470588235294,128.0,10.0,4.018404388427735,0.0001,7.0,15x15-10
781,0.11654135338345864,128.0,10.0,4.008639001846314,0.0001,7.0,20x20-10
782,0.12427184466019417,128.0,10.0,4.014056873321533,0.0001,7.0,25x25-10
783,0.07792207792207792,128.0,10.0,4.059638977050781,0.0001,7.0,5x60-10
784,0.1636029411764706,128.0,15.0,3.9005395412445067,0.0001,7.0,15x15-10
785,0.09398496240601503,128.0,15.0,3.9050952434539794,0.0001,7.0,20x20-10
786,0.13592233009708737,128.0,15.0,3.853900909423828,0.0001,7.0,25x25-10
787,0.08719851576994433,128.0,15.0,3.978352499008179,0.0001,7.0,5x60-10
788,0.15073529411764705,128.0,20.0,3.7847704887390137,0.0001,7.0,15x15-10
789,0.08834586466165413,128.0,20.0,3.7529656887054443,0.0001,7.0,20x20-10
790,0.1087378640776699,128.0,20.0,3.7377840995788576,0.0001,7.0,25x25-10
791,0.07050092764378478,128.0,20.0,3.8830490589141844,0.0001,7.0,5x60-10
792,0.4264705882352941,32.0,10.0,1.9885084979674394,0.001,7.0,15x15-10
793,0.21428571428571427,32.0,10.0,2.557451942387749,0.001,7.0,20x20-10
794,0.3262135922330097,32.0,10.0,2.290974497795105,0.001,7.0,25x25-10
795,0.10204081632653061,32.0,10.0,2.9290416100445915,0.001,7.0,5x60-10
796,0.41911764705882354,32.0,15.0,1.7177792156443876,0.001,7.0,15x15-10
797,0.23308270676691728,32.0,15.0,2.2891818425234627,0.001,7.0,20x20-10
798,0.33980582524271846,32.0,15.0,2.011716463986565,0.001,7.0,25x25-10
799,0.10946196660482375,32.0,15.0,2.8343582293566536,0.001,7.0,5x60-10
800,0.4117647058823529,32.0,20.0,1.603776034186868,0.001,7.0,15x15-10
801,0.25,32.0,20.0,2.1406303994795857,0.001,7.0,20x20-10
802,0.32815533980582523,32.0,20.0,1.8464963541311377,0.001,7.0,25x25-10
803,0.13358070500927643,32.0,20.0,2.729341240490184,0.001,7.0,5x60-10
804,0.3400735294117647,64.0,10.0,2.7715480592515735,0.001,7.0,15x15-10
805,0.17857142857142858,64.0,10.0,3.016685512330797,0.001,7.0,20x20-10
806,0.23689320388349513,64.0,10.0,2.8787083758248224,0.001,7.0,25x25-10
807,0.11317254174397032,64.0,10.0,3.208494053946601,0.001,7.0,5x60-10
808,0.38786764705882354,64.0,15.0,2.249094287554423,0.001,7.0,15x15-10
809,0.18421052631578946,64.0,15.0,2.7205901410844593,0.001,7.0,20x20-10
810,0.26796116504854367,64.0,15.0,2.5133306450313992,0.001,7.0,25x25-10
811,0.1150278293135436,64.0,15.0,2.998683055241903,0.001,7.0,5x60-10
812,0.42463235294117646,64.0,20.0,1.9547637436125014,0.001,7.0,15x15-10
813,0.20112781954887218,64.0,20.0,2.514187494913737,0.001,7.0,20x20-10
814,0.32233009708737864,64.0,20.0,2.2422065337498984,0.001,7.0,25x25-10
815,0.10204081632653061,64.0,20.0,2.9175008402930365,0.001,7.0,5x60-10
816,0.2536764705882353,128.0,10.0,3.3257508277893066,0.001,7.0,15x15-10
817,0.16165413533834586,128.0,10.0,3.3955256938934326,0.001,7.0,20x20-10
818,0.19805825242718447,128.0,10.0,3.2704463958740235,0.001,7.0,25x25-10
819,0.09461966604823747,128.0,10.0,3.522164011001587,0.001,7.0,5x60-10
820,0.28860294117647056,128.0,15.0,3.0737048149108888,0.001,7.0,15x15-10
821,0.16541353383458646,128.0,15.0,3.19797420501709,0.001,7.0,20x20-10
822,0.22524271844660193,128.0,15.0,3.0041672706604006,0.001,7.0,25x25-10
823,0.1280148423005566,128.0,15.0,3.3584909439086914,0.001,7.0,5x60-10
824,0.3382352941176471,128.0,20.0,2.7207942962646485,0.001,7.0,15x15-10
825,0.18045112781954886,128.0,20.0,2.9358804702758787,0.001,7.0,20x20-10
826,0.23495145631067962,128.0,20.0,2.7622918844223023,0.001,7.0,25x25-10
827,0.11131725417439703,128.0,20.0,3.1770483016967774,0.001,7.0,5x60-10
828,0.4117647058823529,32.0,10.0,1.4963470136418062,0.01,7.0,15x15-10
829,0.38345864661654133,32.0,10.0,1.8305239537182976,0.01,7.0,20x20-10
830,0.3359223300970874,32.0,10.0,1.6023105698473312,0.01,7.0,25x25-10
831,0.2504638218923933,32.0,10.0,2.2537824125850903,0.01,7.0,5x60-10
832,0.41360294117647056,32.0,15.0,1.4515413396498735,0.01,7.0,15x15-10
833,0.4191729323308271,32.0,15.0,1.676260092679192,0.01,7.0,20x20-10
834,0.3339805825242718,32.0,15.0,1.6129226263831644,0.01,7.0,25x25-10
835,0.2820037105751391,32.0,15.0,2.0202833624447094,0.01,7.0,5x60-10
836,0.4025735294117647,32.0,20.0,1.446942273308249,0.01,7.0,15x15-10
837,0.3815789473684211,32.0,20.0,1.6139849003623514,0.01,7.0,20x20-10
838,0.3262135922330097,32.0,20.0,1.6072397407363443,0.01,7.0,25x25-10
839,0.29313543599257885,32.0,20.0,1.9603183479870068,0.01,7.0,5x60-10
840,0.40625,64.0,10.0,1.5076448387569852,0.01,7.0,15x15-10
841,0.3157894736842105,64.0,10.0,1.9807102547751532,0.01,7.0,20x20-10
842,0.34757281553398056,64.0,10.0,1.5630789862738714,0.01,7.0,25x25-10
843,0.19666048237476808,64.0,10.0,2.40367857615153,0.01,7.0,5x60-10
844,0.4172794117647059,64.0,15.0,1.4563714795642428,0.01,7.0,15x15-10
845,0.35526315789473684,64.0,15.0,1.8890676763322618,0.01,7.0,20x20-10
846,0.34368932038834954,64.0,15.0,1.5808558132913377,0.01,7.0,25x25-10
847,0.22263450834879406,64.0,15.0,2.20604051484002,0.01,7.0,5x60-10
848,0.41544117647058826,64.0,20.0,1.4351567029953003,0.01,7.0,15x15-10
849,0.38533834586466165,64.0,20.0,1.773713297314114,0.01,7.0,20x20-10
850,0.3359223300970874,64.0,20.0,1.5771906044748094,0.01,7.0,25x25-10
851,0.2634508348794063,64.0,20.0,2.040256049897936,0.01,7.0,5x60-10
852,0.41544117647058826,128.0,10.0,1.6246846199035645,0.01,7.0,15x15-10
853,0.2518796992481203,128.0,10.0,2.0912562131881716,0.01,7.0,20x20-10
854,0.3592233009708738,128.0,10.0,1.6427067875862122,0.01,7.0,25x25-10
855,0.14842300556586271,128.0,10.0,2.7342161178588866,0.01,7.0,5x60-10
856,0.4099264705882353,128.0,15.0,1.5066929101943969,0.01,7.0,15x15-10
857,0.2894736842105263,128.0,15.0,1.9862260341644287,0.01,7.0,20x20-10
858,0.35145631067961164,128.0,15.0,1.560255193710327,0.01,7.0,25x25-10
859,0.16326530612244897,128.0,15.0,2.476821517944336,0.01,7.0,5x60-10
860,0.4117647058823529,128.0,20.0,1.4458298683166504,0.01,7.0,15x15-10
861,0.3157894736842105,128.0,20.0,1.924241018295288,0.01,7.0,20x20-10
862,0.34368932038834954,128.0,20.0,1.4950085997581481,0.01,7.0,25x25-10
863,0.17068645640074212,128.0,20.0,2.3855331897735597,0.01,7.0,5x60-10
864,0.08639705882352941,32.0,10.0,3.7958613984725056,0.0001,8.0,15x15-10
865,0.05263157894736842,32.0,10.0,3.792877435684204,0.0001,8.0,20x20-10
866,0.07766990291262135,32.0,10.0,3.7468972206115723,0.0001,8.0,25x25-10
867,0.06493506493506493,32.0,10.0,3.8062922954559326,0.0001,8.0,5x60-10
868,0.08272058823529412,32.0,15.0,3.7630052005543426,0.0001,8.0,15x15-10
869,0.05639097744360902,32.0,15.0,3.7646799788755527,0.0001,8.0,20x20-10
870,0.10485436893203884,32.0,15.0,3.6543780635384953,0.0001,8.0,25x25-10
871,0.06493506493506493,32.0,15.0,3.7787860000834748,0.0001,8.0,5x60-10
872,0.10661764705882353,32.0,20.0,3.742896781248205,0.0001,8.0,15x15-10
873,0.06954887218045112,32.0,20.0,3.7409535436069263,0.0001,8.0,20x20-10
874,0.1533980582524272,32.0,20.0,3.658641071880565,0.0001,8.0,25x25-10
875,0.06679035250463822,32.0,20.0,3.77030909762663,0.0001,8.0,5x60-10
876,0.08088235294117647,64.0,10.0,3.990660243564182,0.0001,8.0,15x15-10
877,0.05639097744360902,64.0,10.0,3.98371688524882,0.0001,8.0,20x20-10
878,0.07766990291262135,64.0,10.0,3.964098188612196,0.0001,8.0,25x25-10
879,0.06493506493506493,64.0,10.0,4.00591582722134,0.0001,8.0,5x60-10
880,0.08639705882352941,64.0,15.0,3.870516061782837,0.0001,8.0,15x15-10
881,0.05263157894736842,64.0,15.0,3.85894775390625,0.0001,8.0,20x20-10
882,0.07378640776699029,64.0,15.0,3.7780173089769153,0.0001,8.0,25x25-10
883,0.06493506493506493,64.0,15.0,3.901654693815443,0.0001,8.0,5x60-10
884,0.08639705882352941,64.0,20.0,3.7984208265940347,0.0001,8.0,15x15-10
885,0.05263157894736842,64.0,20.0,3.7754857540130615,0.0001,8.0,20x20-10
886,0.07766990291262135,64.0,20.0,3.7124984794192843,0.0001,8.0,25x25-10
887,0.059369202226345084,64.0,20.0,3.819308360417684,0.0001,8.0,5x60-10
888,0.051470588235294115,128.0,10.0,4.08250675201416,0.0001,8.0,15x15-10
889,0.06766917293233082,128.0,10.0,4.081206893920898,0.0001,8.0,20x20-10
890,0.11844660194174757,128.0,10.0,4.06178503036499,0.0001,8.0,25x25-10
891,0.0575139146567718,128.0,10.0,4.083423805236817,0.0001,8.0,5x60-10
892,0.04963235294117647,128.0,15.0,4.048429203033447,0.0001,8.0,15x15-10
893,0.06203007518796992,128.0,15.0,4.038584899902344,0.0001,8.0,20x20-10
894,0.10485436893203884,128.0,15.0,3.9804986476898194,0.0001,8.0,25x25-10
895,0.0686456400742115,128.0,15.0,4.0589186668396,0.0001,8.0,5x60-10
896,0.08088235294117647,128.0,20.0,3.991481828689575,0.0001,8.0,15x15-10
897,0.05639097744360902,128.0,20.0,3.9695952415466307,0.0001,8.0,20x20-10
898,0.07766990291262135,128.0,20.0,3.9366366386413576,0.0001,8.0,25x25-10
899,0.06307977736549165,128.0,20.0,4.01954231262207,0.0001,8.0,5x60-10
900,0.26286764705882354,32.0,10.0,3.0260537091423485,0.001,8.0,15x15-10
901,0.13909774436090225,32.0,10.0,3.2069716874290917,0.001,8.0,20x20-10
902,0.23106796116504855,32.0,10.0,2.9703219778397503,0.001,8.0,25x25-10
903,0.09833024118738404,32.0,10.0,3.387616648393519,0.001,8.0,5x60-10
904,0.26286764705882354,32.0,15.0,2.674771280849681,0.001,8.0,15x15-10
905,0.16165413533834586,32.0,15.0,2.935023504145005,0.001,8.0,20x20-10
906,0.26990291262135924,32.0,15.0,2.6044244485742905,0.001,8.0,25x25-10
907,0.1150278293135436,32.0,15.0,3.3328107244828167,0.001,8.0,5x60-10
908,0.25183823529411764,32.0,20.0,2.5029029846191406,0.001,8.0,15x15-10
909,0.16165413533834586,32.0,20.0,2.776076457079719,0.001,8.0,20x20-10
910,0.29902912621359223,32.0,20.0,2.4804045522914215,0.001,8.0,25x25-10
911,0.1261595547309833,32.0,20.0,3.293401129105512,0.001,8.0,5x60-10
912,0.1636029411764706,64.0,10.0,3.5854767163594565,0.001,8.0,15x15-10
913,0.09398496240601503,64.0,10.0,3.612218326992459,0.001,8.0,20x20-10
914,0.21165048543689322,64.0,10.0,3.418914556503296,0.001,8.0,25x25-10
915,0.09276437847866419,64.0,10.0,3.6497415436638727,0.001,8.0,5x60-10
916,0.20036764705882354,64.0,15.0,3.296583652496338,0.001,8.0,15x15-10
917,0.11090225563909774,64.0,15.0,3.3694053490956626,0.001,8.0,20x20-10
918,0.21553398058252426,64.0,15.0,3.001207258966234,0.001,8.0,25x25-10
919,0.10760667903525047,64.0,15.0,3.4917629030015735,0.001,8.0,5x60-10
920,0.2665441176470588,64.0,20.0,3.0231381257375083,0.001,8.0,15x15-10
921,0.14661654135338345,64.0,20.0,3.154000759124756,0.001,8.0,20x20-10
922,0.23300970873786409,64.0,20.0,2.9596868091159396,0.001,8.0,25x25-10
923,0.10204081632653061,64.0,20.0,3.398764557308621,0.001,8.0,5x60-10
924,0.10661764705882353,128.0,10.0,3.736480379104614,0.001,8.0,15x15-10
925,0.07142857142857142,128.0,10.0,3.7687726497650145,0.001,8.0,20x20-10
926,0.15922330097087378,128.0,10.0,3.645838975906372,0.001,8.0,25x25-10
927,0.08163265306122448,128.0,10.0,3.7067020893096925,0.001,8.0,5x60-10
928,0.12316176470588236,128.0,15.0,3.7085854530334474,0.001,8.0,15x15-10
929,0.09586466165413533,128.0,15.0,3.7094701290130616,0.001,8.0,20x20-10
930,0.1786407766990291,128.0,15.0,3.3682932376861574,0.001,8.0,25x25-10
931,0.09090909090909091,128.0,15.0,3.7492981910705567,0.001,8.0,5x60-10
932,0.16911764705882354,128.0,20.0,3.584887981414795,0.001,8.0,15x15-10
933,0.09962406015037593,128.0,20.0,3.5601829051971436,0.001,8.0,20x20-10
934,0.20776699029126214,128.0,20.0,3.3978029251098634,0.001,8.0,25x25-10
935,0.09090909090909091,128.0,20.0,3.7010346412658692,0.001,8.0,5x60-10
936,0.3327205882352941,32.0,10.0,2.3129831622628605,0.01,8.0,15x15-10
937,0.3233082706766917,32.0,10.0,1.8728548288345337,0.01,8.0,20x20-10
938,0.29514563106796116,32.0,10.0,2.4587222267599667,0.01,8.0,25x25-10
939,0.313543599257885,32.0,10.0,2.0709045634550205,0.01,8.0,5x60-10
940,0.3235294117647059,32.0,15.0,2.3003981954911175,0.01,8.0,15x15-10
941,0.37781954887218044,32.0,15.0,1.704647190430585,0.01,8.0,20x20-10
942,0.29320388349514565,32.0,15.0,2.395069385276121,0.01,8.0,25x25-10
943,0.3339517625231911,32.0,15.0,1.8090196567423202,0.01,8.0,5x60-10
944,0.3290441176470588,32.0,20.0,2.2968249250860775,0.01,8.0,15x15-10
945,0.37406015037593987,32.0,20.0,1.6492793840520523,0.01,8.0,20x20-10
946,0.26407766990291265,32.0,20.0,2.456621618831859,0.01,8.0,25x25-10
947,0.36363636363636365,32.0,20.0,1.7067225961124195,0.01,8.0,5x60-10
948,0.39338235294117646,64.0,10.0,1.5578924020131428,0.01,8.0,15x15-10
949,0.2593984962406015,64.0,10.0,2.0202742285198636,0.01,8.0,20x20-10
950,0.3300970873786408,64.0,10.0,2.190473092926873,0.01,8.0,25x25-10
951,0.18923933209647495,64.0,10.0,2.6696336534288196,0.01,8.0,5x60-10
952,0.4025735294117647,64.0,15.0,1.5482994980282254,0.01,8.0,15x15-10
953,0.3101503759398496,64.0,15.0,1.9334779977798462,0.01,8.0,20x20-10
954,0.3087378640776699,64.0,15.0,2.043262905544705,0.01,8.0,25x25-10
955,0.23376623376623376,64.0,15.0,2.4200583034091525,0.01,8.0,5x60-10
956,0.4025735294117647,64.0,20.0,1.5351347658369277,0.01,8.0,15x15-10
957,0.3533834586466165,64.0,20.0,1.8461366362041898,0.01,8.0,20x20-10
958,0.3300970873786408,64.0,20.0,2.1789775556988187,0.01,8.0,25x25-10
959,0.2727272727272727,64.0,20.0,2.2914596663581,0.01,8.0,5x60-10
960,0.2610294117647059,128.0,10.0,2.4929058074951174,0.01,8.0,15x15-10
961,0.16917293233082706,128.0,10.0,2.7949994087219237,0.01,8.0,20x20-10
962,0.28932038834951457,128.0,10.0,2.3333410024642944,0.01,8.0,25x25-10
963,0.11688311688311688,128.0,10.0,3.25146746635437,0.01,8.0,5x60-10
964,0.30514705882352944,128.0,15.0,2.3973458290100096,0.01,8.0,15x15-10
965,0.19924812030075187,128.0,15.0,2.6993879795074465,0.01,8.0,20x20-10
966,0.312621359223301,128.0,15.0,1.9217889428138732,0.01,8.0,25x25-10
967,0.1391465677179963,128.0,15.0,2.8448978900909423,0.01,8.0,5x60-10
968,0.4025735294117647,128.0,20.0,1.6210471630096435,0.01,8.0,15x15-10
969,0.2518796992481203,128.0,20.0,2.1358605861663817,0.01,8.0,20x20-10
970,0.3145631067961165,128.0,20.0,2.16962616443634,0.01,8.0,25x25-10
971,0.19666048237476808,128.0,20.0,2.6018564224243166,0.01,8.0,5x60-10
972,0.09558823529411764,32.0,10.0,3.4502542579875275,0.0001,9.0,15x15-10
973,0.06578947368421052,32.0,10.0,3.3880197721369125,0.0001,9.0,20x20-10
974,0.07378640776699029,32.0,10.0,3.4313548031975243,0.0001,9.0,25x25-10
975,0.0686456400742115,32.0,10.0,3.4316717736861286,0.0001,9.0,5x60-10
976,0.10661764705882353,32.0,15.0,3.410899919622085,0.0001,9.0,15x15-10
977,0.06766917293233082,32.0,15.0,3.3486545085906982,0.0001,9.0,20x20-10
978,0.11650485436893204,32.0,15.0,3.3191168728996727,0.0001,9.0,25x25-10
979,0.07235621521335807,32.0,15.0,3.4077228097354664,0.0001,9.0,5x60-10
980,0.125,32.0,20.0,3.386126672520357,0.0001,9.0,15x15-10
981,0.10338345864661654,32.0,20.0,3.329830436145558,0.0001,9.0,20x20-10
982,0.19223300970873786,32.0,20.0,3.2518466500674976,0.0001,9.0,25x25-10
983,0.07606679035250463,32.0,20.0,3.395426637986127,0.0001,9.0,5x60-10
984,0.0900735294117647,64.0,10.0,3.8911047246721058,0.0001,9.0,15x15-10
985,0.05263157894736842,64.0,10.0,3.768773158391317,0.0001,9.0,20x20-10
986,0.17475728155339806,64.0,10.0,3.7587588098314075,0.0001,9.0,25x25-10
987,0.09461966604823747,64.0,10.0,3.814907047483656,0.0001,9.0,5x60-10
988,0.06066176470588235,64.0,15.0,3.57527052031623,0.0001,9.0,15x15-10
989,0.06578947368421052,64.0,15.0,3.462269941965739,0.0001,9.0,20x20-10
990,0.07572815533980583,64.0,15.0,3.4402167797088623,0.0001,9.0,25x25-10
991,0.07050092764378478,64.0,15.0,3.5152763260735407,0.0001,9.0,5x60-10
992,0.09558823529411764,64.0,20.0,3.4385754002465143,0.0001,9.0,15x15-10
993,0.06766917293233082,64.0,20.0,3.402881834242079,0.0001,9.0,20x20-10
994,0.07378640776699029,64.0,20.0,3.3286821047465005,0.0001,9.0,25x25-10
995,0.0686456400742115,64.0,20.0,3.423071437411838,0.0001,9.0,5x60-10
996,0.06985294117647059,128.0,10.0,4.08775691986084,0.0001,9.0,15x15-10
997,0.05451127819548872,128.0,10.0,4.045881271362305,0.0001,9.0,20x20-10
998,0.09320388349514563,128.0,10.0,4.0192461013793945,0.0001,9.0,25x25-10
999,0.059369202226345084,128.0,10.0,4.063429069519043,0.0001,9.0,5x60-10
1000,0.08639705882352941,128.0,15.0,4.028211212158203,0.0001,9.0,15x15-10
1001,0.046992481203007516,128.0,15.0,3.9224592208862306,0.0001,9.0,20x20-10
1002,0.10485436893203884,128.0,15.0,3.879931354522705,0.0001,9.0,25x25-10
1003,0.06307977736549165,128.0,15.0,3.9554532527923585,0.0001,9.0,5x60-10
1004,0.0900735294117647,128.0,20.0,3.8806979179382326,0.0001,9.0,15x15-10
1005,0.05263157894736842,128.0,20.0,3.791409492492676,0.0001,9.0,20x20-10
1006,0.18640776699029127,128.0,20.0,3.6527628898620605,0.0001,9.0,25x25-10
1007,0.09276437847866419,128.0,20.0,3.805472421646118,0.0001,9.0,5x60-10
1008,0.4264705882352941,32.0,10.0,1.3249095327713911,0.001,9.0,15x15-10
1009,0.19924812030075187,32.0,10.0,2.065315779517679,0.001,9.0,20x20-10
1010,0.34368932038834954,32.0,10.0,1.5704022014842314,0.001,9.0,25x25-10
1011,0.11317254174397032,32.0,10.0,2.394405757679659,0.001,9.0,5x60-10
1012,0.4852941176470588,32.0,15.0,0.9336515209254097,0.001,9.0,15x15-10
1013,0.2800751879699248,32.0,15.0,1.6072921191944796,0.001,9.0,20x20-10
1014,0.45048543689320386,32.0,15.0,1.0521040874369003,0.001,9.0,25x25-10
1015,0.1836734693877551,32.0,15.0,2.248033509534948,0.001,9.0,5x60-10
1016,0.48713235294117646,32.0,20.0,0.8591611245099235,0.001,9.0,15x15-10
1017,0.3082706766917293,32.0,20.0,1.4901373666875504,0.001,9.0,20x20-10
1018,0.47184466019417476,32.0,20.0,0.8972171439844019,0.001,9.0,25x25-10
1019,0.19851576994434136,32.0,20.0,2.1475731204537785,0.001,9.0,5x60-10
1020,0.23161764705882354,64.0,10.0,3.0904397434658475,0.001,9.0,15x15-10
1021,0.15601503759398497,64.0,10.0,3.0749624835120306,0.001,9.0,20x20-10
1022,0.21941747572815534,64.0,10.0,3.0239864190419516,0.001,9.0,25x25-10
1023,0.09461966604823747,64.0,10.0,3.2946826881832547,0.001,9.0,5x60-10
1024,0.33639705882352944,64.0,15.0,1.8637763129340277,0.001,9.0,15x15-10
1025,0.14097744360902256,64.0,15.0,2.8426429430643716,0.001,9.0,20x20-10
1026,0.23106796116504855,64.0,15.0,2.095163027445475,0.001,9.0,25x25-10
1027,0.13543599257884972,64.0,15.0,3.077017996046278,0.001,9.0,5x60-10
1028,0.43566176470588236,64.0,20.0,1.2989871634377375,0.001,9.0,15x15-10
1029,0.22180451127819548,64.0,20.0,2.0683846208784313,0.001,9.0,20x20-10
1030,0.37087378640776697,64.0,20.0,1.5028288894229465,0.001,9.0,25x25-10
1031,0.14100185528756956,64.0,20.0,2.4000135792626276,0.001,9.0,5x60-10
1032,0.11029411764705882,128.0,10.0,3.3369924545288088,0.001,9.0,15x15-10
1033,0.12593984962406016,128.0,10.0,3.270541715621948,0.001,9.0,20x20-10
1034,0.21553398058252426,128.0,10.0,3.363941287994385,0.001,9.0,25x25-10
1035,0.07421150278293136,128.0,10.0,3.429994583129883,0.001,9.0,5x60-10
1036,0.21691176470588236,128.0,15.0,3.3150261878967284,0.001,9.0,15x15-10
1037,0.14285714285714285,128.0,15.0,3.1868972301483156,0.001,9.0,20x20-10
1038,0.22135922330097088,128.0,15.0,3.0314608573913575,0.001,9.0,25x25-10
1039,0.09090909090909091,128.0,15.0,3.3529044151306153,0.001,9.0,5x60-10
1040,0.22794117647058823,128.0,20.0,3.0647793292999266,0.001,9.0,15x15-10
1041,0.15413533834586465,128.0,20.0,3.1444968700408937,0.001,9.0,20x20-10
1042,0.22330097087378642,128.0,20.0,2.7110231161117553,0.001,9.0,25x25-10
1043,0.10204081632653061,128.0,20.0,3.2573912143707275,0.001,9.0,5x60-10
1044,0.5073529411764706,32.0,10.0,0.7366129335235146,0.01,9.0,15x15-10
1045,0.3890977443609023,32.0,10.0,1.1495223746580236,0.01,9.0,20x20-10
1046,0.47766990291262135,32.0,10.0,0.7600708779166726,0.01,9.0,25x25-10
1047,0.3877551020408163,32.0,10.0,1.3481947183609009,0.01,9.0,5x60-10
1048,0.5091911764705882,32.0,15.0,0.7273802020970512,0.01,9.0,15x15-10
1049,0.4398496240601504,32.0,15.0,1.0371355519575232,0.01,9.0,20x20-10
1050,0.4563106796116505,32.0,15.0,0.7350102873409495,0.01,9.0,25x25-10
1051,0.35435992578849723,32.0,15.0,1.970762196709128,0.01,9.0,5x60-10
1052,0.5110294117647058,32.0,20.0,0.7191000300295213,0.01,9.0,15x15-10
1053,0.4642857142857143,32.0,20.0,0.9558153538142934,0.01,9.0,20x20-10
1054,0.4446601941747573,32.0,20.0,0.7511348619180567,0.01,9.0,25x25-10
1055,0.39332096474953615,32.0,20.0,1.6959441339268404,0.01,9.0,5x60-10
1056,0.47794117647058826,64.0,10.0,0.7793744073973762,0.01,9.0,15x15-10
1057,0.3533834586466165,64.0,10.0,1.3553805616166856,0.01,9.0,20x20-10
1058,0.48349514563106794,64.0,10.0,0.7888412475585938,0.01,9.0,25x25-10
1059,0.18181818181818182,64.0,10.0,2.529570394092136,0.01,9.0,5x60-10
1060,0.4797794117647059,64.0,15.0,0.7513717280493842,0.01,9.0,15x15-10
1061,0.39849624060150374,64.0,15.0,1.225469364060296,0.01,9.0,20x20-10
1062,0.4621359223300971,64.0,15.0,0.748042537106408,0.01,9.0,25x25-10
1063,0.2764378478664193,64.0,15.0,2.1407702366511026,0.01,9.0,5x60-10
1064,0.47058823529411764,64.0,20.0,0.7447065843476189,0.01,9.0,15x15-10
1065,0.41353383458646614,64.0,20.0,1.0967037147945828,0.01,9.0,20x20-10
1066,0.4679611650485437,64.0,20.0,0.7714146309428744,0.01,9.0,25x25-10
1067,0.3246753246753247,64.0,20.0,1.9648441473642986,0.01,9.0,5x60-10
1068,0.47610294117647056,128.0,10.0,0.8298646330833435,0.01,9.0,15x15-10
1069,0.2951127819548872,128.0,10.0,1.4761034727096558,0.01,9.0,20x20-10
1070,0.48349514563106794,128.0,10.0,0.9370934367179871,0.01,9.0,25x25-10
1071,0.16512059369202226,128.0,10.0,2.2035204410552978,0.01,9.0,5x60-10
1072,0.4944852941176471,128.0,15.0,0.777655279636383,0.01,9.0,15x15-10
1073,0.34022556390977443,128.0,15.0,1.4298858880996703,0.01,9.0,20x20-10
1074,0.4854368932038835,128.0,15.0,0.7728776335716248,0.01,9.0,25x25-10
1075,0.23933209647495363,128.0,15.0,1.893914794921875,0.01,9.0,5x60-10
1076,0.49080882352941174,128.0,20.0,0.7577925562858582,0.01,9.0,15x15-10
1077,0.38345864661654133,128.0,20.0,1.3521540641784668,0.01,9.0,20x20-10
1078,0.487378640776699,128.0,20.0,0.8389595031738282,0.01,9.0,25x25-10
1079,0.2597402597402597,128.0,20.0,1.7122802495956422,0.01,9.0,5x60-10
